claim_id,claim,theorem_or_lemma,proof_or_checker,raw_result_or_test,experiment,figure_or_table,maturity,boundary,fresh_recheck
C1,"The finite Bellman recurrence is sound, complete, and minimax-optimal for the declared fully observed game",Finite-game optimality theorem,proofs/arguments.md; src/game.py; src/oracle.py,results/oracle/cases.json; results/oracle/micro_exhaustive.csv; tests/test_contracts.py,oracle,Finite-game theorem; oracle evaluation,proved by hand; finite-checked against independent oracle,"Finite integer horizon, declared score/outcome classes, and fully observed state only","2026-09-16: 1,200 generated plus 23,040 exhaustive micro-instances; zero mismatches"
C2,A successfully completed check reconstructs optimum or infeasibility and validates the exact chosen strategy closure and state count,Certificate soundness under completed checking,proofs/arguments.md; src/checker.py,results/pilot/certificate.json; results/mutants/structural_value.json; tests/test_contracts.py,pilot; mutants,Certificate theorem; oracle/mutant table,proved by hand; independently executable checked,"Checker is separately implemented and imports no producer code, but is not a mechanized proof or external audit","2026-09-16: visited-state metadata recomputed; 2,072/2,072 structural/value mutants rejected"
C3,"Without a stable receiver fact, a deterministic sender-only lost-reply rule cannot guarantee both at-most-one non-idempotent effect and post-fault completion",Lost-reply ambiguity proposition,proofs/arguments.md; src/protocol_model.py,results/model/model.json; tests/test_contracts.py,model,Ambiguity proposition; alternatives table,proved by two-world indistinguishability argument; executable witness,"Assumes identical durable sender observation, deterministic recovery, and no receiver result/fence or cross-system transaction",2026-09-16: ambiguity worlds and shared durable observation rechecked
C4,"After a committed execute or close, an identifier is stably DONE with one bound effect or CANCELED with none",Stable receiver outcome lemma,proofs/arguments.md; src/runtime.py; src/trace_check.py; src/protocol_model.py,results/concurrency/cases.csv; results/model/model.json; tests/test_contracts.py,concurrency; model,Receiver state-machine figure; receiver lemma,proved for abstract atomic receiver; bounded-model and local-race tested,"Requires a linearizable receiver, atomic effect/receipt binding, stable globally namespaced identity, and non-Byzantine storage",2026-09-16: 270/270 races; correct-model sweep through four crashes has no safety violation
C5,"Controller prefixes preserve certificate/spec/adapter binding, globally namespaced attempts, one pending attempt, one logical transition, bounded liability, conservative charge, one-time recovery-ticket ordering, and terminal agreement",Persistent controller invariant lemma,proofs/arguments.md; src/runtime.py; src/trace_check.py,results/faults/schedules.json; results/faults/controls.json; tests/test_contracts.py,faults,Protocol table; falsification table,"hand invariant argument; crash-cut, tamper, and concurrency unit-tested","Assumes local atomic durable controller transactions, serialized SQLite writes, and complete event export","2026-09-23: strict schemas, read-only validated input snapshots, 53 regression tests, 30 fault histories and five controls"
C6,Every complete well-formed accepted runtime history projects to one certified abstract path and preserves all certified budgets,Event-to-game refinement theorem,proofs/arguments.md; src/trace_check.py,results/refinement/paths.json; results/refinement/executions.csv; results/faults/schedules.json,refinement; faults,Refinement theorem; evidence summary,proved by hand; complete pilot closure and all retained fault histories independently replayed,No mechanized Python/SQLite refinement; final rows alone do not prove cross-database real-time order,"2026-09-16: 30 strategy paths, 171 adapter executions, and 30 fault runtime records replay-valid"
C7,"After faults cease, bounded unresolved attempts close and each certified job can advance, conditional on receiver availability and enabled-step progress",Conditional-progress corollary,proofs/arguments.md; src/protocol_model.py; src/runtime_worker.py; comparisons.py,results/model/model.json; results/faults/schedules.json; results/comparisons/progress.json,model; faults,Protocol-model table; limitations,conditional hand argument; bounded model and selected executions,"No guarantee under permanent outage, exhausted recovery budget, unfair scheduling, or unbounded crashes","2026-09-23: no nonterminal dead ends or productive cycles after removing further-crash edges, bounds 0--4; at most six productive steps"
E1,"Pilot certified-charge optimum is 10; its 104-state, 16-row certificate and crash-recovered runtime are valid","Finite-game, certificate, and refinement results",src/oracle.py; src/checker.py; src/trace_check.py,results/pilot/summary.json; results/pilot/runtime.json,pilot,Running example,finite-checked; measured local execution,One three-job declared contract,2026-09-19: verifier pass
E2,"Synthesis agrees with the independent oracle on 1,200 generated instances and 23,040 exhaustive micro-instances, with zero mismatches",Finite-game theorem,src/oracle.py; verify_results.py,results/oracle/cases.json; results/oracle/micro_exhaustive.csv; results/oracle/summary.json,oracle,Oracle/checker evaluation,finite-checked,Generated small horizons and a frozen exhaustive microdomain; not a proof for arbitrary inputs,"2026-09-19: 911/289 and 16,864/6,176 feasible/infeasible splits recomputed"
E3,"All 2,072 structural/value certificate mutants are rejected; 181 of 592 model-changing producer mutants are incompatible with the original specification",Certificate theorem,src/checker.py; reproduce.py; verify_results.py,results/mutants/structural_value.json; results/mutants/semantic.json; results/mutants/summary.json,mutants,Oracle/checker evaluation,finite-checked,Semantic survivors may produce the same valid witness and are not checker escapes,"2026-09-19: 2,072/2,072; 49/296 recovery mutations and 132/296 score mutations rejected"
E4,"The correct two-crash protocol model has 79 states and 91 edges with no safety violation; a sweep through four crashes preserves safety/conditional completion, while four weakened variants expose 2--8-step witnesses",Lost-reply proposition; receiver/invariant conditions,src/protocol_model.py; verify_results.py; tests/test_evidence.py,results/model/model.json; results/model/summary.json; tests/test_contracts.py,model,Protocol-model table,independent bounded model check,"One action, finite crash bounds, finite identifiers, atomic receiver operations; not a runtime refinement proof",2026-09-26: exact flat model and summary rechecked; documented empty-directory command and corrupt/missing model records tested
E5,"On 576 paired contracts per method, adaptive and optimal open-loop each admit 345 with equal worst certified charge; the restricted-policy union misses 22 contracts found by both",Finite-game theorem,src/workload.py; reproduce.py; verify_results.py,results/trace/calibration.json; results/trace/trace_results.csv; results/trace/summary.json; tests/test_contracts.py,trace,Cross-trace feasibility figure; sensitivity tables,finite-checked on deterministic two-source public-trace shape; every result row regenerated by verifier,"Code rows freeze an ordinal mapping; conversation rows use it without per-source refitting. Scores, envelopes, ticks, labels, and budgets are synthetic; not Azure performance, predictor accuracy, or statistical generalization; optimal open-loop also finds these contracts; no empirical feedback advantage",2026-09-23: 576 exact fixed-sequence comparisons; no adaptive-only or lower-cost case versus optimal open-loop
E6,All 30 targeted crash schedules and their 30 complete runtime records pass replay; all five mechanism controls receive their expected verdict,Controller invariant; refinement theorem,src/runtime_worker.py; src/trace_check.py; verify_results.py,results/faults/schedules.json; results/faults/controls.json,faults,Evidence summary,measured local process crashes; independently replayed,Owned SQLite fixtures and injected exits only; two legal orderings and three failure-boundary controls,"2026-09-19: 30/30 schedules, 30/30 histories, 5/5 controls"
E7,All 30 reachable pilot strategy paths pass across 171 adapter executions,Refinement theorem,reproduce.py; src/trace_check.py,results/refinement/paths.json; results/refinement/executions.csv,refinement,All-path evaluation,exhaustive for selected pilot certificate closure,Path-count evidence is not a general proof,"2026-09-19: 30 paths, 171 executions, 162 cancellations, 108 post-effect recoveries"
E8,"All 270 duplicate-execute, execute-close, and conflicting-identifier races meet the declared terminal-outcome contract",Stable receiver outcome lemma,src/runtime.py; reproduce.py; verify_results.py,results/concurrency/cases.csv; results/concurrency/summary.json,concurrency,Concurrency evaluation,measured local concurrency,Threaded single-host SQLite only; race winners are nondeterministic and not probabilities,2026-09-19: 270/270 pass
E9,"At horizon 12 the campaign visits at most 11,238 states, emits median 19,021-byte certificates, and has retained p95 planning time 112.182 ms",Finite-game; certificate results,reproduce.py; verify_results.py,results/scaling/scaling.csv; results/scaling/summary.json,scaling,Scaling figure,measured descriptive scaling,Twenty generated feasible cases per horizon; no asymptotic tractability claim,2026-09-23: fresh measurements and raw samples reconciled; host-dependent descriptive timing
E10,"For 2048 operations per method, medians are 46.439 us direct and 228.015 us contract, ratio 4.910",none,reproduce.py; verify_results.py,results/latency/samples.csv; results/latency/summary.json,latency,Local-overhead evaluation,measured descriptive microbenchmark,"No network, replication, production workload, or SLO guarantee",2026-09-23: all samples and quantiles reconciled; no production tail guarantee
E11,"Exact 62-database inventory; all 31 local controller/receiver pairs match JSON bindings, states, events, attempts, terminal/effect and adapter/target records; 80 regression tests pass",none,verify_results.py; src/evidence_check.py; tests/test_evidence.py; tests/test_cost_semantics.py,results/pilot/; results/faults/cases/; tests/test_evidence.py; tests/test_cost_semantics.py,all,Artifact availability/reproducibility,clean-extraction executable recheck,"Packet consistency only, not authenticated provenance, cross-file real-time order, production correctness or new workload results",2026-09-26: retained originals match; 62 omission subcases and effect/target/state/event/counter mutations rejected in disposable copies; read-only bytes unchanged
R1,64 unique records are cited and have DOI or official locators: 63 scholarly publications plus the consumed dataset record,none,paper/check_bibliography.py; bibliography_audit.csv,paper/references.bib; paper/main.tex; bibliography_audit.csv,bibliography audit,Related Work; bibliography,inherited dated source audit; two quantitative-verification records source-checked; all metadata/citation sets rechecked structurally,Metadata consistency and inherited source provenance are not a fresh full-text semantic audit of every citation,"2026-09-23: 64 entries, 64 cited, 64 audit rows, 63 scholarly; build-time check passes"
N1,"Predictor accuracy, calibration, production utility, and statistical coverage are not established",none,docs/boundaries.md; docs/methods.md,none,excluded,Limitations,explicit non-claim,Frozen synthetic score abstraction only,2026-09-19 retained
N2,"Replicated receiver correctness, power-loss durability, cross-database real-time order, and machine-checked Python/SQLite refinement are not established",none,docs/boundaries.md; proofs/arguments.md,none,excluded,Trust-boundary table; limitations,explicit non-claim,"Local SQLite plus hand proof, bounded model, and executable replay",2026-09-19 retained
N3,"The protocol model does not establish fairness, wait-freedom, unbounded crash tolerance, cryptographic authorization, or uniqueness of the receipt-closure API",none,proofs/protocol-model.md; docs/boundaries.md,results/model/model.json,excluded,Protocol-model subsection; limitations,explicit non-claim,"Finite productive-path termination after removing further-crash edges; excludes unavailability/stuttering; recovery ticket is correlation, not a signature",2026-09-19 retained
J1,"Exact fixed-sequence worst certified charge, unsafe count, and late count are given by the envelope formula",Fixed-sequence envelope proposition,proofs/open-loop.md; src/open_loop.py,results/comparisons/baseline_crosscheck.json; tests/test_comparisons.py,fixed-sequence baseline cross-check,Fixed-sequence proposition,hand proof; finite cross-check,Fully known finite jobs; independent flip/crash budgets; no probabilities,2026-09-23: 240 instances; 3120 sequences; zero mismatch
J2,Adaptive and optimal open-loop each admit 345 of 576 contracts and tie in worst certified charge on all common feasible instances,Finite-game and fixed-sequence results,src/open_loop.py; comparisons.py,results/comparisons/open_loop.json,journal strong baseline,Feasibility figure,finite-checked negative result,Does not prove equivalence for every input or demonstrate feedback benefit,2026-09-23: 576 eight-task contracts; 6561 sequences per contract
J3,Fixed-budget parameter perturbations change feasible counts but retain adaptive/open-loop equality,Exploratory sensitivity analysis,comparisons.py,results/comparisons/parameter_sensitivity.json,parameter sensitivity,Perturbation table,exploratory finite-checked,Post-development sensitivity; not preregistered or predictive generalization,2026-09-23: 320 comparisons; counts 45/45/37/41/52 per 64 for both methods
J4,Runtime input aliasing and replay numeric aliases are rejected; recovery example completes without duplicate effect,Implementation safeguards,src/runtime.py; src/trace_check.py,tests/test_comparisons.py; examples/run_contract.py,regression tests; example,Implementation and reproducibility text,unit-tested,Prevents these malformed inputs; not arbitrary malicious tamper resistance,2026-09-26: 80 tests including input detach and strict-type regressions; example cost9 effects3 valid
E12,One completed n-job contract within F recoveries retains at most n+F attempts; early cancellation-row deletion defeats its fence,Retained-identity count argument,proofs/arguments.md; retention_checks.py; tests/test_retention.py,results/retention/summary.json,retention counts and delayed delivery,Identity lifetime; retention evaluation,hand argument; finite history replay; owned negative controls,"No online reclamation, global storage-byte bound, or multi-tenant allocator",2026-09-23: 31 full histories; 171 count rows; 3 tight histories; 3 tombstone controls
C1,Certified-charge optimality can differ from receiver actual-cost optimality; restricted policies may select cheaper reject even if the prescribed physical action is safe,Finite-game optimality; explicit one-job boundary examples,proofs/arguments.md; tests/test_cost_semantics.py,tests/test_cost_semantics.py,boundary regression,Minimax recurrence and restricted-policy definition,hand reasoning; executed finite examples,No attainability of upper bounds; no policy algorithm or retained experiment changed,2026-09-26: certified 10/5 versus actual 1/5; safe accept 1 versus reject 0 with L=1; L=0 selects accept
