rep,position,method,microseconds
0,0,direct,543.912
0,1,direct,85.237
0,2,direct,54.225
0,3,direct,52.018
0,4,direct,76.744
0,5,direct,59.502
0,6,direct,1728.392
0,7,direct,111.04
0,8,direct,160.269
0,9,direct,108.721
0,10,direct,58.625
0,11,direct,53.799
0,12,direct,153.43
0,13,direct,51.557
0,14,direct,49.722
0,15,direct,49.101
0,16,direct,47.489
0,17,direct,46.795
0,18,direct,46.743
0,19,direct,48.506
0,20,direct,48.281
0,21,direct,48.766
0,22,direct,46.486
0,23,direct,50.49
0,24,direct,48.979
0,25,direct,47.729
0,26,direct,74.157
0,27,direct,164.584
0,28,direct,54.249
0,29,direct,48.64
0,30,direct,47.985
0,31,direct,49.775
0,32,direct,47.912
0,33,direct,47.939
0,34,direct,45.215
0,35,direct,49.919
0,36,direct,47.605
0,37,direct,46.981
0,38,direct,45.57
0,39,direct,690.855
0,40,direct,106.202
0,41,direct,58.893
0,42,direct,157.39
0,43,direct,55.483
0,44,direct,50.196
0,45,direct,75.139
0,46,direct,91.382
0,47,direct,55.3
0,48,direct,50.842
0,49,direct,49.182
0,50,direct,72.418
0,51,direct,52.008
0,52,direct,49.089
0,53,direct,48.432
0,54,direct,66.266
0,55,direct,52.037
0,56,direct,54.184
0,57,direct,49.06
0,58,direct,47.298
0,59,direct,75.001
0,60,direct,51.91
0,61,direct,142.924
0,62,direct,82.665
0,63,direct,54.264
0,64,direct,87.148
0,65,direct,55.119
0,66,direct,49.379
0,67,direct,48.543
0,68,direct,47.923
0,69,direct,66.961
0,70,direct,51.011
0,71,direct,48.638
0,72,direct,48.39
0,73,direct,48.392
0,74,direct,65.251
0,75,direct,52.25
0,76,direct,48.08
0,77,direct,50.588
0,78,direct,70.844
0,79,direct,71.726
0,80,direct,54.547
0,81,direct,53.003
0,82,direct,51.523
0,83,direct,65.811
0,84,direct,54.288
0,85,direct,52.717
0,86,direct,47.264
0,87,direct,47.901
0,88,direct,97.237
0,89,direct,51.894
0,90,direct,48.237
0,91,direct,47.73
0,92,direct,49.992
0,93,direct,73.355
0,94,direct,133.404
0,95,direct,184.938
0,96,direct,71.583
0,97,direct,50.717
0,98,direct,73.076
0,99,direct,52.115
0,100,direct,52.044
0,101,direct,61.534
0,102,direct,47.023
0,103,direct,291.519
0,104,direct,91.993
0,105,direct,52.619
0,106,direct,1119.397
0,107,direct,94.791
0,108,direct,60.694
0,109,direct,50.598
0,110,direct,48.978
0,111,direct,48.867
0,112,direct,67.569
0,113,direct,53.726
0,114,direct,53.803
0,115,direct,51.636
0,116,direct,90.219
0,117,direct,67.371
0,118,direct,53.537
0,119,direct,48.061
0,120,direct,47.889
0,121,direct,192.765
0,122,direct,63.225
0,123,direct,41.815
0,124,direct,41.205
0,125,direct,41.839
0,126,direct,41.48
0,127,direct,42.881
0,128,direct,41.829
0,129,direct,40.709
0,130,direct,40.367
0,131,direct,40.142
0,132,direct,39.972
0,133,direct,39.003
0,134,direct,49.384
0,135,direct,41.285
0,136,direct,41.401
0,137,direct,41.993
0,138,direct,252.508
0,139,direct,61.85
0,140,direct,43.032
0,141,direct,42.452
0,142,direct,46.43
0,143,direct,41.755
0,144,direct,548.926
0,145,direct,81.585
0,146,direct,1285.25
0,147,direct,88.93
0,148,direct,46.601
0,149,direct,42.377
0,150,direct,42.424
0,151,direct,41.854
0,152,direct,40.983
0,153,direct,41.029
0,154,direct,47.118
0,155,direct,41.542
0,156,direct,40.788
0,157,direct,41.331
0,158,direct,41.165
0,159,direct,39.546
0,160,direct,39.982
0,161,direct,39.974
0,162,direct,40.973
0,163,direct,90.497
0,164,direct,45.519
0,165,direct,41.636
0,166,direct,40.502
0,167,direct,40.859
0,168,direct,40.689
0,169,direct,40.913
0,170,direct,39.63
0,171,direct,44.73
0,172,direct,40.276
0,173,direct,40.641
0,174,direct,39.585
0,175,direct,40.542
0,176,direct,39.998
0,177,direct,39.661
0,178,direct,40.524
0,179,direct,40.473
0,180,direct,40.467
0,181,direct,40.639
0,182,direct,44.082
0,183,direct,976.525
0,184,direct,61.174
0,185,direct,45.068
0,186,direct,42.174
0,187,direct,86.251
0,188,direct,43.224
0,189,direct,40.832
0,190,direct,41.351
0,191,direct,41.066
0,192,direct,48.433
0,193,direct,40.868
0,194,direct,40.283
0,195,direct,1198.915
0,196,direct,52.6
0,197,direct,43.472
0,198,direct,144.731
0,199,direct,60.371
0,200,direct,48.696
0,201,direct,52.615
0,202,direct,336.066
0,203,direct,48.553
0,204,direct,48.256
0,205,direct,1360.537
0,206,direct,50.711
0,207,direct,44.124
0,208,direct,44.656
0,209,direct,42.298
0,210,direct,75.064
0,211,direct,50.816
0,212,direct,42.829
0,213,direct,42.077
0,214,direct,42.085
0,215,direct,41.051
0,216,direct,41.559
0,217,direct,41.199
0,218,direct,41.079
0,219,direct,41.539
0,220,direct,41.193
0,221,direct,40.814
0,222,direct,40.153
0,223,direct,45.748
0,224,direct,41.629
0,225,direct,41.349
0,226,direct,40.657
0,227,direct,41.201
0,228,direct,1486.357
0,229,direct,70.808
0,230,direct,1546.264
0,231,direct,56.687
0,232,direct,44.22
0,233,direct,82.045
0,234,direct,47.849
0,235,direct,43.475
0,236,direct,42.041
0,237,direct,41.71
0,238,direct,41.196
0,239,direct,40.835
0,240,direct,41.125
0,241,direct,41.652
0,242,direct,41.306
0,243,direct,41.519
0,244,direct,41.734
0,245,direct,145.845
0,246,direct,51.603
0,247,direct,42.025
0,248,direct,41.706
0,249,direct,472.516
0,250,direct,69.544
0,251,direct,294.075
0,252,direct,257.315
0,253,direct,65.052
0,254,direct,78.271
0,255,direct,46.328
0,0,contract,609.124
0,1,contract,309.892
0,2,contract,331.994
0,3,contract,697.009
0,4,contract,346.29
0,5,contract,284.874
0,6,contract,226.157
0,7,contract,366.79
0,8,contract,236.043
0,9,contract,556.757
0,10,contract,245.623
0,11,contract,224.052
0,12,contract,225.279
0,13,contract,257.262
0,14,contract,226.991
0,15,contract,345.103
0,16,contract,402.079
0,17,contract,255.622
0,18,contract,415.805
0,19,contract,227.901
0,20,contract,260.874
0,21,contract,219.429
0,22,contract,500.278
0,23,contract,263.198
0,24,contract,230.304
0,25,contract,230.128
0,26,contract,220.148
0,27,contract,268.077
0,28,contract,225.674
0,29,contract,306.89
0,30,contract,242.535
0,31,contract,288.025
0,32,contract,232.663
0,33,contract,220.447
0,34,contract,240.711
0,35,contract,265.358
0,36,contract,221.773
0,37,contract,221.338
0,38,contract,218.429
0,39,contract,428.204
0,40,contract,239.779
0,41,contract,226.284
0,42,contract,308.593
0,43,contract,258.891
0,44,contract,236.295
0,45,contract,252.715
0,46,contract,383.732
0,47,contract,266.984
0,48,contract,247.445
0,49,contract,238.578
0,50,contract,278.944
0,51,contract,235.318
0,52,contract,259.203
0,53,contract,283.595
0,54,contract,497.481
0,55,contract,386.802
0,56,contract,274.954
0,57,contract,263.091
0,58,contract,258.382
0,59,contract,241.376
0,60,contract,363.31
0,61,contract,231.687
0,62,contract,253.034
0,63,contract,444.857
0,64,contract,211.87
0,65,contract,242.264
0,66,contract,227.98
0,67,contract,244.11
0,68,contract,223.35
0,69,contract,244.879
0,70,contract,210.483
0,71,contract,234.872
0,72,contract,481.517
0,73,contract,265.199
0,74,contract,371.961
0,75,contract,232.83
0,76,contract,217.766
0,77,contract,211.284
0,78,contract,243.417
0,79,contract,244.931
0,80,contract,211.874
0,81,contract,210.61
0,82,contract,231.23
0,83,contract,264.075
0,84,contract,214.889
0,85,contract,221.526
0,86,contract,213.794
0,87,contract,245.465
0,88,contract,339.123
0,89,contract,315.534
0,90,contract,350.427
0,91,contract,308.914
0,92,contract,224.228
0,93,contract,263.137
0,94,contract,263.727
0,95,contract,211.759
0,96,contract,210.67
0,97,contract,207.98
0,98,contract,276.357
0,99,contract,224.799
0,100,contract,285.328
0,101,contract,220.619
0,102,contract,297.956
0,103,contract,221.3
0,104,contract,207.246
0,105,contract,206.106
0,106,contract,260.367
0,107,contract,276.563
0,108,contract,222.294
0,109,contract,335.41
0,110,contract,251.288
0,111,contract,256.848
0,112,contract,241.407
0,113,contract,209.073
0,114,contract,247.927
0,115,contract,214.621
0,116,contract,446.901
0,117,contract,469.0
0,118,contract,226.268
0,119,contract,270.059
0,120,contract,267.733
0,121,contract,377.974
0,122,contract,219.582
0,123,contract,211.274
0,124,contract,240.704
0,125,contract,215.634
0,126,contract,201.397
0,127,contract,202.191
0,128,contract,311.827
0,129,contract,236.978
0,130,contract,209.003
0,131,contract,199.602
0,132,contract,197.983
0,133,contract,248.603
0,134,contract,204.11
0,135,contract,207.128
0,136,contract,202.099
0,137,contract,201.924
0,138,contract,320.556
0,139,contract,208.165
0,140,contract,200.505
0,141,contract,288.745
0,142,contract,267.099
0,143,contract,203.914
0,144,contract,198.687
0,145,contract,198.824
0,146,contract,229.2
0,147,contract,206.895
0,148,contract,199.428
0,149,contract,203.354
0,150,contract,204.097
0,151,contract,232.191
0,152,contract,201.638
0,153,contract,200.922
0,154,contract,303.796
0,155,contract,255.461
0,156,contract,222.173
0,157,contract,209.568
0,158,contract,206.899
0,159,contract,198.713
0,160,contract,235.052
0,161,contract,203.073
0,162,contract,199.792
0,163,contract,205.356
0,164,contract,200.281
0,165,contract,241.537
0,166,contract,207.031
0,167,contract,198.765
0,168,contract,200.399
0,169,contract,220.612
0,170,contract,208.132
0,171,contract,203.106
0,172,contract,199.025
0,173,contract,205.151
0,174,contract,249.647
0,175,contract,215.371
0,176,contract,200.295
0,177,contract,506.335
0,178,contract,245.945
0,179,contract,207.25
0,180,contract,370.567
0,181,contract,261.34
0,182,contract,210.669
0,183,contract,206.715
0,184,contract,201.954
0,185,contract,199.93
0,186,contract,301.35
0,187,contract,310.851
0,188,contract,315.423
0,189,contract,275.292
0,190,contract,513.251
0,191,contract,215.314
0,192,contract,260.232
0,193,contract,206.189
0,194,contract,364.741
0,195,contract,201.434
0,196,contract,350.94
0,197,contract,215.754
0,198,contract,199.993
0,199,contract,308.884
0,200,contract,266.242
0,201,contract,207.405
0,202,contract,199.691
0,203,contract,201.186
0,204,contract,255.576
0,205,contract,211.887
0,206,contract,204.907
0,207,contract,199.031
0,208,contract,202.153
0,209,contract,234.643
0,210,contract,201.418
0,211,contract,448.547
0,212,contract,252.125
0,213,contract,217.253
0,214,contract,205.721
0,215,contract,201.022
0,216,contract,199.072
0,217,contract,244.511
0,218,contract,201.854
0,219,contract,198.134
0,220,contract,200.938
0,221,contract,201.643
0,222,contract,337.994
0,223,contract,208.97
0,224,contract,201.438
0,225,contract,203.12
0,226,contract,254.719
0,227,contract,238.31
0,228,contract,293.571
0,229,contract,236.242
0,230,contract,234.081
0,231,contract,200.28
0,232,contract,195.874
0,233,contract,199.573
0,234,contract,201.805
0,235,contract,231.026
0,236,contract,202.41
0,237,contract,205.44
0,238,contract,231.358
0,239,contract,259.209
0,240,contract,218.647
0,241,contract,204.267
0,242,contract,422.012
0,243,contract,248.865
0,244,contract,199.006
0,245,contract,201.353
0,246,contract,199.339
0,247,contract,223.302
0,248,contract,210.186
0,249,contract,200.322
0,250,contract,204.781
0,251,contract,199.599
0,252,contract,439.105
0,253,contract,233.567
0,254,contract,286.232
0,255,contract,295.822
1,0,contract,606.46
1,1,contract,332.994
1,2,contract,251.738
1,3,contract,237.068
1,4,contract,225.634
1,5,contract,270.156
1,6,contract,228.025
1,7,contract,350.893
1,8,contract,270.531
1,9,contract,229.894
1,10,contract,226.322
1,11,contract,300.434
1,12,contract,320.334
1,13,contract,234.245
1,14,contract,227.494
1,15,contract,344.598
1,16,contract,288.541
1,17,contract,235.406
1,18,contract,223.463
1,19,contract,220.114
1,20,contract,381.41
1,21,contract,314.048
1,22,contract,235.135
1,23,contract,258.898
1,24,contract,232.875
1,25,contract,230.524
1,26,contract,219.643
1,27,contract,335.125
1,28,contract,237.877
1,29,contract,221.484
1,30,contract,223.998
1,31,contract,271.367
1,32,contract,236.141
1,33,contract,218.856
1,34,contract,237.388
1,35,contract,255.214
1,36,contract,229.46
1,37,contract,222.459
1,38,contract,220.083
1,39,contract,220.069
1,40,contract,440.279
1,41,contract,269.831
1,42,contract,231.308
1,43,contract,302.329
1,44,contract,229.064
1,45,contract,328.152
1,46,contract,253.778
1,47,contract,471.98
1,48,contract,245.256
1,49,contract,430.065
1,50,contract,231.38
1,51,contract,232.605
1,52,contract,225.771
1,53,contract,635.423
1,54,contract,298.952
1,55,contract,655.735
1,56,contract,244.177
1,57,contract,228.766
1,58,contract,291.906
1,59,contract,236.389
1,60,contract,230.331
1,61,contract,221.997
1,62,contract,356.092
1,63,contract,400.358
1,64,contract,219.608
1,65,contract,264.204
1,66,contract,337.426
1,67,contract,224.053
1,68,contract,464.367
1,69,contract,251.199
1,70,contract,209.217
1,71,contract,206.65
1,72,contract,246.381
1,73,contract,214.315
1,74,contract,319.344
1,75,contract,235.275
1,76,contract,413.174
1,77,contract,219.586
1,78,contract,322.562
1,79,contract,288.234
1,80,contract,237.549
1,81,contract,211.899
1,82,contract,209.924
1,83,contract,366.146
1,84,contract,362.564
1,85,contract,249.036
1,86,contract,214.454
1,87,contract,276.021
1,88,contract,457.725
1,89,contract,695.849
1,90,contract,236.774
1,91,contract,523.056
1,92,contract,221.116
1,93,contract,362.12
1,94,contract,381.826
1,95,contract,223.844
1,96,contract,210.759
1,97,contract,211.499
1,98,contract,379.351
1,99,contract,581.876
1,100,contract,370.593
1,101,contract,227.009
1,102,contract,549.124
1,103,contract,268.11
1,104,contract,217.308
1,105,contract,282.001
1,106,contract,235.462
1,107,contract,282.91
1,108,contract,226.375
1,109,contract,216.756
1,110,contract,212.106
1,111,contract,245.589
1,112,contract,215.49
1,113,contract,207.132
1,114,contract,212.978
1,115,contract,208.622
1,116,contract,246.108
1,117,contract,217.989
1,118,contract,211.503
1,119,contract,208.635
1,120,contract,241.915
1,121,contract,324.067
1,122,contract,289.156
1,123,contract,223.196
1,124,contract,323.336
1,125,contract,219.048
1,126,contract,201.45
1,127,contract,234.174
1,128,contract,337.663
1,129,contract,222.221
1,130,contract,1540.764
1,131,contract,247.539
1,132,contract,211.858
1,133,contract,607.81
1,134,contract,232.94
1,135,contract,210.781
1,136,contract,204.996
1,137,contract,1549.748
1,138,contract,470.056
1,139,contract,232.745
1,140,contract,268.394
1,141,contract,221.581
1,142,contract,436.59
1,143,contract,281.852
1,144,contract,209.122
1,145,contract,203.211
1,146,contract,200.344
1,147,contract,233.627
1,148,contract,1628.809
1,149,contract,421.179
1,150,contract,432.695
1,151,contract,331.386
1,152,contract,277.876
1,153,contract,214.372
1,154,contract,369.381
1,155,contract,207.987
1,156,contract,253.729
1,157,contract,207.348
1,158,contract,205.67
1,159,contract,200.743
1,160,contract,300.172
1,161,contract,223.892
1,162,contract,202.466
1,163,contract,240.768
1,164,contract,228.479
1,165,contract,218.483
1,166,contract,206.597
1,167,contract,372.328
1,168,contract,290.858
1,169,contract,215.606
1,170,contract,203.303
1,171,contract,206.695
1,172,contract,200.644
1,173,contract,245.722
1,174,contract,204.678
1,175,contract,205.884
1,176,contract,196.6
1,177,contract,199.428
1,178,contract,285.139
1,179,contract,204.074
1,180,contract,198.628
1,181,contract,210.546
1,182,contract,239.917
1,183,contract,209.661
1,184,contract,295.226
1,185,contract,241.938
1,186,contract,278.224
1,187,contract,206.916
1,188,contract,202.591
1,189,contract,204.628
1,190,contract,231.798
1,191,contract,217.29
1,192,contract,202.218
1,193,contract,196.451
1,194,contract,368.319
1,195,contract,225.659
1,196,contract,520.434
1,197,contract,247.634
1,198,contract,214.802
1,199,contract,201.978
1,200,contract,346.476
1,201,contract,429.882
1,202,contract,208.825
1,203,contract,202.323
1,204,contract,203.111
1,205,contract,245.088
1,206,contract,215.849
1,207,contract,200.654
1,208,contract,205.801
1,209,contract,201.207
1,210,contract,234.857
1,211,contract,202.604
1,212,contract,474.105
1,213,contract,517.866
1,214,contract,212.938
1,215,contract,326.241
1,216,contract,277.856
1,217,contract,217.743
1,218,contract,199.811
1,219,contract,198.964
1,220,contract,200.671
1,221,contract,245.166
1,222,contract,200.362
1,223,contract,196.528
1,224,contract,197.626
1,225,contract,233.082
1,226,contract,206.821
1,227,contract,330.797
1,228,contract,260.998
1,229,contract,252.561
1,230,contract,209.742
1,231,contract,201.245
1,232,contract,424.227
1,233,contract,956.208
1,234,contract,272.635
1,235,contract,209.922
1,236,contract,207.088
1,237,contract,208.257
1,238,contract,229.837
1,239,contract,214.093
1,240,contract,199.454
1,241,contract,204.001
1,242,contract,330.98
1,243,contract,254.957
1,244,contract,200.821
1,245,contract,847.142
1,246,contract,216.58
1,247,contract,206.526
1,248,contract,199.52
1,249,contract,261.634
1,250,contract,211.875
1,251,contract,202.167
1,252,contract,206.377
1,253,contract,397.793
1,254,contract,228.516
1,255,contract,201.833
1,0,direct,141.028
1,1,direct,60.773
1,2,direct,52.64
1,3,direct,48.923
1,4,direct,49.517
1,5,direct,144.172
1,6,direct,97.865
1,7,direct,57.44
1,8,direct,50.543
1,9,direct,47.374
1,10,direct,47.665
1,11,direct,45.994
1,12,direct,46.841
1,13,direct,45.673
1,14,direct,44.75
1,15,direct,732.231
1,16,direct,95.253
1,17,direct,51.406
1,18,direct,49.22
1,19,direct,48.128
1,20,direct,46.241
1,21,direct,49.23
1,22,direct,46.273
1,23,direct,2374.901
1,24,direct,93.809
1,25,direct,67.224
1,26,direct,51.104
1,27,direct,54.551
1,28,direct,47.753
1,29,direct,47.39
1,30,direct,48.112
1,31,direct,47.928
1,32,direct,46.526
1,33,direct,46.395
1,34,direct,46.065
1,35,direct,47.177
1,36,direct,45.296
1,37,direct,149.127
1,38,direct,54.875
1,39,direct,58.929
1,40,direct,49.62
1,41,direct,67.162
1,42,direct,51.932
1,43,direct,47.21
1,44,direct,48.078
1,45,direct,47.158
1,46,direct,47.808
1,47,direct,47.064
1,48,direct,197.068
1,49,direct,55.136
1,50,direct,142.318
1,51,direct,50.547
1,52,direct,46.861
1,53,direct,46.931
1,54,direct,49.353
1,55,direct,45.734
1,56,direct,114.845
1,57,direct,59.922
1,58,direct,48.038
1,59,direct,47.777
1,60,direct,46.385
1,61,direct,50.568
1,62,direct,46.438
1,63,direct,46.335
1,64,direct,46.235
1,65,direct,49.327
1,66,direct,47.81
1,67,direct,47.824
1,68,direct,49.021
1,69,direct,49.089
1,70,direct,47.359
1,71,direct,47.12
1,72,direct,48.746
1,73,direct,47.835
1,74,direct,46.856
1,75,direct,70.497
1,76,direct,55.625
1,77,direct,49.758
1,78,direct,55.781
1,79,direct,46.165
1,80,direct,47.066
1,81,direct,45.357
1,82,direct,47.059
1,83,direct,46.576
1,84,direct,47.884
1,85,direct,1412.657
1,86,direct,74.753
1,87,direct,84.587
1,88,direct,61.163
1,89,direct,49.859
1,90,direct,47.835
1,91,direct,47.572
1,92,direct,51.246
1,93,direct,116.971
1,94,direct,61.066
1,95,direct,48.15
1,96,direct,572.731
1,97,direct,80.49
1,98,direct,53.563
1,99,direct,48.935
1,100,direct,51.958
1,101,direct,1607.586
1,102,direct,115.083
1,103,direct,61.975
1,104,direct,49.627
1,105,direct,48.576
1,106,direct,49.061
1,107,direct,52.767
1,108,direct,50.879
1,109,direct,48.876
1,110,direct,48.164
1,111,direct,48.813
1,112,direct,48.787
1,113,direct,49.565
1,114,direct,52.765
1,115,direct,174.151
1,116,direct,87.483
1,117,direct,76.663
1,118,direct,60.219
1,119,direct,49.553
1,120,direct,49.033
1,121,direct,127.704
1,122,direct,52.051
1,123,direct,39.884
1,124,direct,41.088
1,125,direct,39.693
1,126,direct,39.453
1,127,direct,1328.763
1,128,direct,75.933
1,129,direct,45.773
1,130,direct,79.891
1,131,direct,45.029
1,132,direct,43.294
1,133,direct,42.886
1,134,direct,51.962
1,135,direct,41.957
1,136,direct,41.669
1,137,direct,40.581
1,138,direct,38.927
1,139,direct,39.235
1,140,direct,39.185
1,141,direct,39.102
1,142,direct,43.938
1,143,direct,353.707
1,144,direct,100.085
1,145,direct,52.474
1,146,direct,42.466
1,147,direct,40.097
1,148,direct,41.218
1,149,direct,40.625
1,150,direct,39.545
1,151,direct,39.156
1,152,direct,39.009
1,153,direct,40.767
1,154,direct,45.682
1,155,direct,39.13
1,156,direct,39.108
1,157,direct,39.273
1,158,direct,38.787
1,159,direct,38.088
1,160,direct,39.382
1,161,direct,145.735
1,162,direct,61.968
1,163,direct,43.838
1,164,direct,41.466
1,165,direct,81.709
1,166,direct,45.575
1,167,direct,40.843
1,168,direct,38.916
1,169,direct,39.206
1,170,direct,38.843
1,171,direct,43.927
1,172,direct,40.183
1,173,direct,39.337
1,174,direct,39.381
1,175,direct,38.35
1,176,direct,38.425
1,177,direct,39.866
1,178,direct,1064.715
1,179,direct,52.052
1,180,direct,45.951
1,181,direct,44.468
1,182,direct,44.064
1,183,direct,65.112
1,184,direct,43.546
1,185,direct,41.684
1,186,direct,76.59
1,187,direct,49.585
1,188,direct,42.608
1,189,direct,40.671
1,190,direct,40.681
1,191,direct,40.221
1,192,direct,46.494
1,193,direct,40.259
1,194,direct,39.358
1,195,direct,39.326
1,196,direct,39.603
1,197,direct,39.287
1,198,direct,39.953
1,199,direct,39.928
1,200,direct,46.721
1,201,direct,50.294
1,202,direct,41.353
1,203,direct,41.149
1,204,direct,41.019
1,205,direct,1115.353
1,206,direct,111.308
1,207,direct,62.456
1,208,direct,46.233
1,209,direct,42.227
1,210,direct,41.633
1,211,direct,43.094
1,212,direct,41.171
1,213,direct,811.602
1,214,direct,72.76
1,215,direct,46.024
1,216,direct,43.032
1,217,direct,41.804
1,218,direct,41.379
1,219,direct,39.96
1,220,direct,40.226
1,221,direct,46.065
1,222,direct,725.637
1,223,direct,82.42
1,224,direct,70.067
1,225,direct,61.865
1,226,direct,64.694
1,227,direct,70.953
1,228,direct,651.096
1,229,direct,54.047
1,230,direct,49.898
1,231,direct,44.007
1,232,direct,43.147
1,233,direct,49.259
1,234,direct,2376.357
1,235,direct,54.55
1,236,direct,44.755
1,237,direct,78.732
1,238,direct,49.766
1,239,direct,43.08
1,240,direct,42.478
1,241,direct,42.494
1,242,direct,41.104
1,243,direct,40.564
1,244,direct,42.655
1,245,direct,139.016
1,246,direct,51.886
1,247,direct,1033.775
1,248,direct,56.792
1,249,direct,43.815
1,250,direct,42.534
1,251,direct,169.791
1,252,direct,45.638
1,253,direct,42.677
1,254,direct,490.378
1,255,direct,64.459
2,0,direct,155.244
2,1,direct,62.631
2,2,direct,52.983
2,3,direct,49.34
2,4,direct,49.223
2,5,direct,50.155
2,6,direct,48.628
2,7,direct,159.738
2,8,direct,66.583
2,9,direct,47.968
2,10,direct,83.446
2,11,direct,51.229
2,12,direct,51.591
2,13,direct,50.66
2,14,direct,47.628
2,15,direct,49.387
2,16,direct,46.871
2,17,direct,206.54
2,18,direct,82.423
2,19,direct,50.587
2,20,direct,48.394
2,21,direct,51.587
2,22,direct,47.062
2,23,direct,48.398
2,24,direct,45.71
2,25,direct,45.669
2,26,direct,108.549
2,27,direct,56.601
2,28,direct,49.103
2,29,direct,47.723
2,30,direct,48.026
2,31,direct,48.677
2,32,direct,46.874
2,33,direct,46.556
2,34,direct,44.864
2,35,direct,48.353
2,36,direct,46.287
2,37,direct,297.129
2,38,direct,54.926
2,39,direct,90.569
2,40,direct,55.286
2,41,direct,49.439
2,42,direct,49.523
2,43,direct,47.677
2,44,direct,47.001
2,45,direct,48.219
2,46,direct,49.72
2,47,direct,45.952
2,48,direct,53.509
2,49,direct,267.868
2,50,direct,144.723
2,51,direct,59.123
2,52,direct,78.855
2,53,direct,53.97
2,54,direct,52.017
2,55,direct,48.897
2,56,direct,51.533
2,57,direct,48.213
2,58,direct,46.107
2,59,direct,46.228
2,60,direct,45.503
2,61,direct,48.88
2,62,direct,46.319
2,63,direct,46.733
2,64,direct,48.563
2,65,direct,48.19
2,66,direct,46.424
2,67,direct,47.381
2,68,direct,45.74
2,69,direct,49.662
2,70,direct,46.395
2,71,direct,46.027
2,72,direct,71.053
2,73,direct,52.997
2,74,direct,46.641
2,75,direct,46.004
2,76,direct,45.791
2,77,direct,47.368
2,78,direct,53.566
2,79,direct,45.076
2,80,direct,46.456
2,81,direct,44.901
2,82,direct,45.824
2,83,direct,47.282
2,84,direct,300.736
2,85,direct,62.186
2,86,direct,49.718
2,87,direct,90.305
2,88,direct,315.515
2,89,direct,73.219
2,90,direct,49.8
2,91,direct,48.024
2,92,direct,165.11
2,93,direct,68.023
2,94,direct,48.494
2,95,direct,47.394
2,96,direct,48.853
2,97,direct,45.683
2,98,direct,91.546
2,99,direct,51.332
2,100,direct,52.04
2,101,direct,46.124
2,102,direct,46.475
2,103,direct,48.677
2,104,direct,46.666
2,105,direct,45.57
2,106,direct,46.802
2,107,direct,49.94
2,108,direct,47.127
2,109,direct,46.567
2,110,direct,46.099
2,111,direct,46.759
2,112,direct,47.081
2,113,direct,47.143
2,114,direct,50.441
2,115,direct,46.767
2,116,direct,60.81
2,117,direct,72.287
2,118,direct,59.616
2,119,direct,47.891
2,120,direct,124.103
2,121,direct,138.393
2,122,direct,51.686
2,123,direct,39.773
2,124,direct,40.807
2,125,direct,39.297
2,126,direct,39.48
2,127,direct,40.896
2,128,direct,39.639
2,129,direct,39.396
2,130,direct,39.526
2,131,direct,38.619
2,132,direct,39.306
2,133,direct,38.799
2,134,direct,47.269
2,135,direct,40.035
2,136,direct,82.917
2,137,direct,48.593
2,138,direct,41.578
2,139,direct,41.211
2,140,direct,39.718
2,141,direct,39.746
2,142,direct,44.985
2,143,direct,128.778
2,144,direct,47.281
2,145,direct,41.876
2,146,direct,39.4
2,147,direct,40.026
2,148,direct,40.641
2,149,direct,41.793
2,150,direct,40.49
2,151,direct,40.925
2,152,direct,60.771
2,153,direct,43.601
2,154,direct,46.507
2,155,direct,40.536
2,156,direct,422.152
2,157,direct,69.972
2,158,direct,43.248
2,159,direct,41.295
2,160,direct,41.101
2,161,direct,40.973
2,162,direct,40.844
2,163,direct,41.453
2,164,direct,39.701
2,165,direct,39.91
2,166,direct,39.195
2,167,direct,39.606
2,168,direct,40.003
2,169,direct,39.419
2,170,direct,79.91
2,171,direct,109.216
2,172,direct,50.46
2,173,direct,41.648
2,174,direct,40.222
2,175,direct,40.0
2,176,direct,39.459
2,177,direct,40.209
2,178,direct,38.86
2,179,direct,39.421
2,180,direct,129.898
2,181,direct,50.169
2,182,direct,42.044
2,183,direct,40.001
2,184,direct,40.181
2,185,direct,39.817
2,186,direct,39.08
2,187,direct,38.919
2,188,direct,38.878
2,189,direct,39.998
2,190,direct,75.409
2,191,direct,42.083
2,192,direct,46.905
2,193,direct,39.841
2,194,direct,38.594
2,195,direct,37.968
2,196,direct,38.469
2,197,direct,38.389
2,198,direct,38.295
2,199,direct,39.159
2,200,direct,43.395
2,201,direct,48.16
2,202,direct,39.478
2,203,direct,39.951
2,204,direct,39.009
2,205,direct,39.757
2,206,direct,124.001
2,207,direct,56.096
2,208,direct,43.128
2,209,direct,40.387
2,210,direct,39.901
2,211,direct,66.573
2,212,direct,42.693
2,213,direct,41.167
2,214,direct,39.577
2,215,direct,39.145
2,216,direct,38.727
2,217,direct,38.639
2,218,direct,38.395
2,219,direct,38.931
2,220,direct,38.605
2,221,direct,40.849
2,222,direct,38.572
2,223,direct,45.919
2,224,direct,39.361
2,225,direct,39.878
2,226,direct,38.524
2,227,direct,39.671
2,228,direct,43.017
2,229,direct,39.237
2,230,direct,44.592
2,231,direct,39.853
2,232,direct,39.158
2,233,direct,38.665
2,234,direct,39.735
2,235,direct,105.636
2,236,direct,45.03
2,237,direct,40.41
2,238,direct,39.645
2,239,direct,39.618
2,240,direct,40.302
2,241,direct,40.004
2,242,direct,39.902
2,243,direct,38.978
2,244,direct,283.109
2,245,direct,132.385
2,246,direct,52.239
2,247,direct,41.353
2,248,direct,40.61
2,249,direct,86.156
2,250,direct,49.113
2,251,direct,42.239
2,252,direct,40.763
2,253,direct,40.63
2,254,direct,40.256
2,255,direct,40.725
2,0,contract,711.573
2,1,contract,676.329
2,2,contract,447.16
2,3,contract,257.869
2,4,contract,410.926
2,5,contract,315.936
2,6,contract,235.164
2,7,contract,235.691
2,8,contract,379.099
2,9,contract,239.735
2,10,contract,233.049
2,11,contract,226.501
2,12,contract,225.776
2,13,contract,315.359
2,14,contract,231.856
2,15,contract,222.786
2,16,contract,225.712
2,17,contract,270.995
2,18,contract,226.093
2,19,contract,221.378
2,20,contract,381.704
2,21,contract,250.984
2,22,contract,227.499
2,23,contract,226.837
2,24,contract,257.154
2,25,contract,437.365
2,26,contract,364.928
2,27,contract,302.733
2,28,contract,232.39
2,29,contract,220.341
2,30,contract,221.131
2,31,contract,255.777
2,32,contract,360.066
2,33,contract,402.16
2,34,contract,331.863
2,35,contract,233.501
2,36,contract,223.095
2,37,contract,454.501
2,38,contract,242.305
2,39,contract,225.788
2,40,contract,423.807
2,41,contract,337.665
2,42,contract,237.245
2,43,contract,226.927
2,44,contract,258.181
2,45,contract,236.682
2,46,contract,223.702
2,47,contract,226.483
2,48,contract,226.669
2,49,contract,264.795
2,50,contract,223.415
2,51,contract,226.803
2,52,contract,444.053
2,53,contract,231.926
2,54,contract,220.586
2,55,contract,223.478
2,56,contract,287.439
2,57,contract,241.059
2,58,contract,231.205
2,59,contract,234.06
2,60,contract,266.369
2,61,contract,233.9
2,62,contract,225.561
2,63,contract,383.748
2,64,contract,266.511
2,65,contract,219.168
2,66,contract,223.436
2,67,contract,363.603
2,68,contract,285.181
2,69,contract,216.92
2,70,contract,207.027
2,71,contract,206.63
2,72,contract,512.037
2,73,contract,240.587
2,74,contract,215.094
2,75,contract,255.419
2,76,contract,222.539
2,77,contract,441.581
2,78,contract,285.687
2,79,contract,499.674
2,80,contract,319.972
2,81,contract,276.737
2,82,contract,218.519
2,83,contract,257.002
2,84,contract,428.64
2,85,contract,244.609
2,86,contract,320.476
2,87,contract,218.798
2,88,contract,254.143
2,89,contract,421.352
2,90,contract,317.518
2,91,contract,775.402
2,92,contract,389.369
2,93,contract,404.283
2,94,contract,239.054
2,95,contract,383.376
2,96,contract,241.652
2,97,contract,414.229
2,98,contract,226.654
2,99,contract,274.499
2,100,contract,214.852
2,101,contract,292.509
2,102,contract,280.667
2,103,contract,229.049
2,104,contract,209.857
2,105,contract,292.215
2,106,contract,278.373
2,107,contract,238.188
2,108,contract,333.284
2,109,contract,223.956
2,110,contract,266.414
2,111,contract,221.105
2,112,contract,211.871
2,113,contract,209.901
2,114,contract,215.372
2,115,contract,255.812
2,116,contract,214.486
2,117,contract,215.843
2,118,contract,210.304
2,119,contract,250.967
2,120,contract,212.411
2,121,contract,318.659
2,122,contract,211.426
2,123,contract,246.274
2,124,contract,207.908
2,125,contract,210.476
2,126,contract,201.911
2,127,contract,198.282
2,128,contract,409.122
2,129,contract,227.195
2,130,contract,210.146
2,131,contract,198.282
2,132,contract,261.527
2,133,contract,210.369
2,134,contract,200.654
2,135,contract,203.57
2,136,contract,243.524
2,137,contract,205.444
2,138,contract,198.373
2,139,contract,401.117
2,140,contract,255.369
2,141,contract,220.182
2,142,contract,209.771
2,143,contract,201.508
2,144,contract,330.468
2,145,contract,224.274
2,146,contract,200.748
2,147,contract,201.136
2,148,contract,201.566
2,149,contract,242.122
2,150,contract,205.416
2,151,contract,198.723
2,152,contract,199.376
2,153,contract,226.786
2,154,contract,252.328
2,155,contract,201.105
2,156,contract,198.212
2,157,contract,205.119
2,158,contract,246.413
2,159,contract,202.409
2,160,contract,226.527
2,161,contract,203.559
2,162,contract,199.601
2,163,contract,497.367
2,164,contract,207.26
2,165,contract,208.98
2,166,contract,252.003
2,167,contract,207.33
2,168,contract,207.851
2,169,contract,201.037
2,170,contract,200.932
2,171,contract,242.304
2,172,contract,203.029
2,173,contract,207.719
2,174,contract,308.281
2,175,contract,243.082
2,176,contract,202.996
2,177,contract,201.109
2,178,contract,202.525
2,179,contract,199.016
2,180,contract,266.235
2,181,contract,213.068
2,182,contract,202.002
2,183,contract,205.021
2,184,contract,246.345
2,185,contract,209.848
2,186,contract,205.421
2,187,contract,200.931
2,188,contract,197.845
2,189,contract,244.391
2,190,contract,201.505
2,191,contract,207.452
2,192,contract,201.592
2,193,contract,199.351
2,194,contract,362.964
2,195,contract,201.602
2,196,contract,302.011
2,197,contract,260.539
2,198,contract,206.191
2,199,contract,201.891
2,200,contract,330.239
2,201,contract,240.785
2,202,contract,202.687
2,203,contract,200.182
2,204,contract,197.674
2,205,contract,204.63
2,206,contract,249.257
2,207,contract,202.901
2,208,contract,201.593
2,209,contract,197.082
2,210,contract,196.562
2,211,contract,235.292
2,212,contract,198.369
2,213,contract,202.283
2,214,contract,198.429
2,215,contract,240.558
2,216,contract,223.941
2,217,contract,208.325
2,218,contract,200.769
2,219,contract,193.736
2,220,contract,232.811
2,221,contract,207.373
2,222,contract,197.487
2,223,contract,196.482
2,224,contract,195.762
2,225,contract,242.236
2,226,contract,201.675
2,227,contract,225.522
2,228,contract,202.304
2,229,contract,205.3
2,230,contract,386.964
2,231,contract,214.944
2,232,contract,199.576
2,233,contract,353.873
2,234,contract,214.509
2,235,contract,200.239
2,236,contract,202.6
2,237,contract,202.675
2,238,contract,250.51
2,239,contract,201.962
2,240,contract,197.476
2,241,contract,204.268
2,242,contract,367.306
2,243,contract,324.752
2,244,contract,206.901
2,245,contract,203.676
2,246,contract,240.198
2,247,contract,204.742
2,248,contract,198.782
2,249,contract,195.151
2,250,contract,204.064
2,251,contract,285.813
2,252,contract,208.4
2,253,contract,206.216
2,254,contract,199.771
2,255,contract,319.72
3,0,contract,650.08
3,1,contract,264.344
3,2,contract,291.743
3,3,contract,243.569
3,4,contract,229.936
3,5,contract,229.606
3,6,contract,262.484
3,7,contract,234.761
3,8,contract,235.599
3,9,contract,219.971
3,10,contract,270.744
3,11,contract,247.107
3,12,contract,226.579
3,13,contract,224.102
3,14,contract,222.999
3,15,contract,260.446
3,16,contract,225.541
3,17,contract,228.728
3,18,contract,220.967
3,19,contract,254.473
3,20,contract,354.678
3,21,contract,228.957
3,22,contract,392.31
3,23,contract,238.751
3,24,contract,230.36
3,25,contract,229.144
3,26,contract,299.033
3,27,contract,239.834
3,28,contract,227.001
3,29,contract,222.0
3,30,contract,255.403
3,31,contract,226.026
3,32,contract,226.794
3,33,contract,221.518
3,34,contract,264.67
3,35,contract,236.862
3,36,contract,307.719
3,37,contract,227.598
3,38,contract,259.113
3,39,contract,232.763
3,40,contract,223.976
3,41,contract,225.291
3,42,contract,228.982
3,43,contract,301.282
3,44,contract,224.795
3,45,contract,225.001
3,46,contract,338.738
3,47,contract,246.866
3,48,contract,226.481
3,49,contract,225.173
3,50,contract,246.289
3,51,contract,238.345
3,52,contract,221.168
3,53,contract,219.511
3,54,contract,217.88
3,55,contract,259.543
3,56,contract,227.587
3,57,contract,225.675
3,58,contract,225.671
3,59,contract,304.101
3,60,contract,233.728
3,61,contract,221.944
3,62,contract,219.192
3,63,contract,421.034
3,64,contract,224.601
3,65,contract,551.486
3,66,contract,253.811
3,67,contract,212.604
3,68,contract,222.819
3,69,contract,213.02
3,70,contract,254.248
3,71,contract,310.179
3,72,contract,331.733
3,73,contract,306.0
3,74,contract,221.949
3,75,contract,210.289
3,76,contract,213.991
3,77,contract,239.799
3,78,contract,215.791
3,79,contract,207.253
3,80,contract,207.777
3,81,contract,205.318
3,82,contract,597.413
3,83,contract,338.879
3,84,contract,270.524
3,85,contract,348.483
3,86,contract,343.566
3,87,contract,278.146
3,88,contract,235.84
3,89,contract,211.731
3,90,contract,323.493
3,91,contract,250.879
3,92,contract,215.355
3,93,contract,227.083
3,94,contract,209.524
3,95,contract,207.092
3,96,contract,248.901
3,97,contract,211.06
3,98,contract,212.38
3,99,contract,212.711
3,100,contract,239.353
3,101,contract,215.343
3,102,contract,216.877
3,103,contract,331.428
3,104,contract,281.429
3,105,contract,217.899
3,106,contract,209.472
3,107,contract,213.446
3,108,contract,214.436
3,109,contract,345.838
3,110,contract,226.162
3,111,contract,324.71
3,112,contract,280.281
3,113,contract,213.829
3,114,contract,212.961
3,115,contract,208.32
3,116,contract,241.498
3,117,contract,222.374
3,118,contract,211.251
3,119,contract,209.925
3,120,contract,208.936
3,121,contract,379.137
3,122,contract,334.271
3,123,contract,217.064
3,124,contract,256.372
3,125,contract,213.232
3,126,contract,197.653
3,127,contract,201.793
3,128,contract,314.756
3,129,contract,230.555
3,130,contract,209.439
3,131,contract,200.128
3,132,contract,196.854
3,133,contract,240.668
3,134,contract,201.071
3,135,contract,205.557
3,136,contract,199.701
3,137,contract,196.624
3,138,contract,458.516
3,139,contract,288.046
3,140,contract,252.715
3,141,contract,246.768
3,142,contract,473.865
3,143,contract,248.704
3,144,contract,264.325
3,145,contract,726.187
3,146,contract,271.522
3,147,contract,206.041
3,148,contract,201.903
3,149,contract,208.937
3,150,contract,274.787
3,151,contract,269.593
3,152,contract,1136.656
3,153,contract,225.036
3,154,contract,411.951
3,155,contract,349.355
3,156,contract,207.065
3,157,contract,209.817
3,158,contract,261.564
3,159,contract,379.132
3,160,contract,229.935
3,161,contract,201.468
3,162,contract,287.65
3,163,contract,212.609
3,164,contract,560.228
3,165,contract,258.925
3,166,contract,212.794
3,167,contract,204.853
3,168,contract,207.275
3,169,contract,239.302
3,170,contract,203.629
3,171,contract,205.013
3,172,contract,231.492
3,173,contract,296.372
3,174,contract,236.504
3,175,contract,207.884
3,176,contract,197.497
3,177,contract,198.051
3,178,contract,263.827
3,179,contract,202.77
3,180,contract,196.717
3,181,contract,208.021
3,182,contract,231.306
3,183,contract,213.625
3,184,contract,202.819
3,185,contract,197.72
3,186,contract,196.047
3,187,contract,248.508
3,188,contract,370.677
3,189,contract,209.432
3,190,contract,197.234
3,191,contract,271.709
3,192,contract,211.785
3,193,contract,198.211
3,194,contract,655.711
3,195,contract,348.508
3,196,contract,252.462
3,197,contract,256.714
3,198,contract,214.706
3,199,contract,202.318
3,200,contract,219.309
3,201,contract,344.678
3,202,contract,295.264
3,203,contract,208.675
3,204,contract,198.939
3,205,contract,203.88
3,206,contract,241.62
3,207,contract,201.18
3,208,contract,202.874
3,209,contract,196.618
3,210,contract,245.871
3,211,contract,212.901
3,212,contract,199.328
3,213,contract,204.471
3,214,contract,202.205
3,215,contract,236.358
3,216,contract,199.901
3,217,contract,205.514
3,218,contract,199.068
3,219,contract,196.589
3,220,contract,235.087
3,221,contract,208.715
3,222,contract,200.507
3,223,contract,197.039
3,224,contract,197.756
3,225,contract,236.456
3,226,contract,203.425
3,227,contract,232.869
3,228,contract,602.556
3,229,contract,225.041
3,230,contract,203.64
3,231,contract,203.191
3,232,contract,237.146
3,233,contract,206.06
3,234,contract,204.906
3,235,contract,198.195
3,236,contract,496.251
3,237,contract,470.81
3,238,contract,233.838
3,239,contract,265.396
3,240,contract,302.617
3,241,contract,214.947
3,242,contract,544.888
3,243,contract,234.85
3,244,contract,554.039
3,245,contract,363.12
3,246,contract,427.969
3,247,contract,273.833
3,248,contract,209.787
3,249,contract,526.313
3,250,contract,390.481
3,251,contract,217.411
3,252,contract,304.418
3,253,contract,281.064
3,254,contract,225.378
3,255,contract,199.694
3,0,direct,219.841
3,1,direct,63.763
3,2,direct,52.947
3,3,direct,48.728
3,4,direct,170.596
3,5,direct,61.327
3,6,direct,50.807
3,7,direct,48.156
3,8,direct,49.392
3,9,direct,45.733
3,10,direct,47.143
3,11,direct,46.538
3,12,direct,48.559
3,13,direct,45.475
3,14,direct,87.061
3,15,direct,51.91
3,16,direct,45.934
3,17,direct,46.686
3,18,direct,46.396
3,19,direct,47.012
3,20,direct,46.044
3,21,direct,258.358
3,22,direct,90.806
3,23,direct,174.349
3,24,direct,61.948
3,25,direct,48.961
3,26,direct,97.119
3,27,direct,55.952
3,28,direct,48.419
3,29,direct,47.833
3,30,direct,48.193
3,31,direct,48.941
3,32,direct,46.147
3,33,direct,46.251
3,34,direct,46.501
3,35,direct,48.18
3,36,direct,45.504
3,37,direct,44.864
3,38,direct,117.615
3,39,direct,72.992
3,40,direct,48.97
3,41,direct,46.962
3,42,direct,48.843
3,43,direct,67.099
3,44,direct,52.297
3,45,direct,49.63
3,46,direct,50.469
3,47,direct,47.294
3,48,direct,46.173
3,49,direct,47.15
3,50,direct,145.179
3,51,direct,55.168
3,52,direct,48.115
3,53,direct,126.175
3,54,direct,58.629
3,55,direct,48.145
3,56,direct,52.32
3,57,direct,47.815
3,58,direct,44.97
3,59,direct,91.138
3,60,direct,59.042
3,61,direct,51.063
3,62,direct,47.406
3,63,direct,46.594
3,64,direct,48.379
3,65,direct,48.332
3,66,direct,46.816
3,67,direct,47.276
3,68,direct,47.471
3,69,direct,48.425
3,70,direct,46.628
3,71,direct,46.247
3,72,direct,45.982
3,73,direct,47.52
3,74,direct,47.495
3,75,direct,45.543
3,76,direct,46.833
3,77,direct,48.195
3,78,direct,53.08
3,79,direct,72.643
3,80,direct,52.779
3,81,direct,48.329
3,82,direct,46.887
3,83,direct,47.128
3,84,direct,48.772
3,85,direct,51.484
3,86,direct,47.618
3,87,direct,46.979
3,88,direct,48.436
3,89,direct,47.317
3,90,direct,46.455
3,91,direct,47.969
3,92,direct,48.248
3,93,direct,46.433
3,94,direct,47.077
3,95,direct,45.911
3,96,direct,48.163
3,97,direct,47.797
3,98,direct,47.989
3,99,direct,69.796
3,100,direct,55.084
3,101,direct,47.499
3,102,direct,46.119
3,103,direct,50.656
3,104,direct,46.747
3,105,direct,46.711
3,106,direct,48.927
3,107,direct,49.189
3,108,direct,47.819
3,109,direct,47.983
3,110,direct,47.494
3,111,direct,48.218
3,112,direct,47.625
3,113,direct,48.366
3,114,direct,51.012
3,115,direct,47.2
3,116,direct,60.555
3,117,direct,47.953
3,118,direct,48.052
3,119,direct,72.092
3,120,direct,50.104
3,121,direct,123.011
3,122,direct,48.606
3,123,direct,38.655
3,124,direct,39.663
3,125,direct,40.214
3,126,direct,38.657
3,127,direct,40.796
3,128,direct,39.982
3,129,direct,40.139
3,130,direct,38.874
3,131,direct,38.272
3,132,direct,150.358
3,133,direct,50.091
3,134,direct,48.728
3,135,direct,40.228
3,136,direct,38.616
3,137,direct,92.214
3,138,direct,49.144
3,139,direct,39.617
3,140,direct,41.599
3,141,direct,39.373
3,142,direct,44.129
3,143,direct,39.89
3,144,direct,38.962
3,145,direct,38.447
3,146,direct,38.963
3,147,direct,39.56
3,148,direct,39.225
3,149,direct,38.493
3,150,direct,39.149
3,151,direct,38.942
3,152,direct,38.675
3,153,direct,38.912
3,154,direct,43.769
3,155,direct,39.857
3,156,direct,39.021
3,157,direct,39.239
3,158,direct,38.939
3,159,direct,38.793
3,160,direct,39.559
3,161,direct,132.977
3,162,direct,44.184
3,163,direct,41.154
3,164,direct,41.14
3,165,direct,40.539
3,166,direct,40.333
3,167,direct,40.04
3,168,direct,39.796
3,169,direct,40.331
3,170,direct,39.135
3,171,direct,43.59
3,172,direct,40.856
3,173,direct,40.467
3,174,direct,39.477
3,175,direct,39.376
3,176,direct,38.837
3,177,direct,39.186
3,178,direct,39.164
3,179,direct,39.749
3,180,direct,135.333
3,181,direct,93.368
3,182,direct,45.674
3,183,direct,41.34
3,184,direct,40.869
3,185,direct,40.586
3,186,direct,42.048
3,187,direct,40.055
3,188,direct,40.045
3,189,direct,40.203
3,190,direct,39.4
3,191,direct,39.135
3,192,direct,45.13
3,193,direct,40.36
3,194,direct,39.404
3,195,direct,39.262
3,196,direct,38.501
3,197,direct,39.231
3,198,direct,38.878
3,199,direct,38.514
3,200,direct,45.287
3,201,direct,47.273
3,202,direct,214.261
3,203,direct,62.601
3,204,direct,42.037
3,205,direct,42.527
3,206,direct,40.583
3,207,direct,40.866
3,208,direct,39.895
3,209,direct,39.7
3,210,direct,41.014
3,211,direct,41.154
3,212,direct,40.387
3,213,direct,41.573
3,214,direct,40.366
3,215,direct,40.357
3,216,direct,39.298
3,217,direct,39.081
3,218,direct,39.795
3,219,direct,40.058
3,220,direct,39.935
3,221,direct,40.762
3,222,direct,337.654
3,223,direct,75.828
3,224,direct,44.027
3,225,direct,42.543
3,226,direct,41.958
3,227,direct,41.65
3,228,direct,44.434
3,229,direct,40.431
3,230,direct,51.38
3,231,direct,121.437
3,232,direct,44.583
3,233,direct,41.569
3,234,direct,41.464
3,235,direct,41.078
3,236,direct,41.455
3,237,direct,87.057
3,238,direct,43.005
3,239,direct,40.25
3,240,direct,40.803
3,241,direct,40.573
3,242,direct,41.152
3,243,direct,40.313
3,244,direct,40.226
3,245,direct,125.917
3,246,direct,50.168
3,247,direct,42.963
3,248,direct,39.151
3,249,direct,38.324
3,250,direct,39.707
3,251,direct,38.333
3,252,direct,39.001
3,253,direct,39.125
3,254,direct,134.765
3,255,direct,64.105
4,0,direct,189.761
4,1,direct,62.676
4,2,direct,51.593
4,3,direct,49.308
4,4,direct,48.619
4,5,direct,48.366
4,6,direct,47.598
4,7,direct,46.67
4,8,direct,50.419
4,9,direct,46.042
4,10,direct,47.614
4,11,direct,46.479
4,12,direct,46.851
4,13,direct,47.418
4,14,direct,45.8
4,15,direct,47.599
4,16,direct,44.967
4,17,direct,72.284
4,18,direct,53.159
4,19,direct,50.33
4,20,direct,49.392
4,21,direct,49.98
4,22,direct,49.071
4,23,direct,47.075
4,24,direct,52.988
4,25,direct,47.835
4,26,direct,46.809
4,27,direct,53.858
4,28,direct,341.796
4,29,direct,70.006
4,30,direct,69.955
4,31,direct,55.828
4,32,direct,48.899
4,33,direct,46.724
4,34,direct,46.607
4,35,direct,48.859
4,36,direct,45.477
4,37,direct,46.173
4,38,direct,48.094
4,39,direct,56.297
4,40,direct,47.716
4,41,direct,46.478
4,42,direct,47.88
4,43,direct,125.586
4,44,direct,56.729
4,45,direct,1791.179
4,46,direct,116.92
4,47,direct,58.135
4,48,direct,1750.569
4,49,direct,85.322
4,50,direct,955.809
4,51,direct,76.772
4,52,direct,51.785
4,53,direct,51.444
4,54,direct,50.043
4,55,direct,47.664
4,56,direct,53.185
4,57,direct,47.876
4,58,direct,45.526
4,59,direct,101.905
4,60,direct,49.733
4,61,direct,50.563
4,62,direct,47.29
4,63,direct,46.621
4,64,direct,47.926
4,65,direct,49.059
4,66,direct,46.996
4,67,direct,47.952
4,68,direct,46.832
4,69,direct,49.401
4,70,direct,46.959
4,71,direct,47.863
4,72,direct,46.581
4,73,direct,46.985
4,74,direct,47.168
4,75,direct,45.504
4,76,direct,47.616
4,77,direct,49.022
4,78,direct,4400.745
4,79,direct,101.247
4,80,direct,57.18
4,81,direct,49.815
4,82,direct,48.863
4,83,direct,49.067
4,84,direct,49.599
4,85,direct,53.772
4,86,direct,47.373
4,87,direct,48.54
4,88,direct,51.806
4,89,direct,46.889
4,90,direct,92.825
4,91,direct,87.397
4,92,direct,52.725
4,93,direct,50.759
4,94,direct,48.63
4,95,direct,46.677
4,96,direct,48.386
4,97,direct,45.88
4,98,direct,47.288
4,99,direct,48.113
4,100,direct,47.082
4,101,direct,557.3
4,102,direct,81.987
4,103,direct,59.058
4,104,direct,49.019
4,105,direct,937.63
4,106,direct,62.017
4,107,direct,55.318
4,108,direct,52.311
4,109,direct,47.687
4,110,direct,47.949
4,111,direct,48.991
4,112,direct,47.897
4,113,direct,48.339
4,114,direct,51.743
4,115,direct,47.958
4,116,direct,64.286
4,117,direct,49.261
4,118,direct,48.158
4,119,direct,91.635
4,120,direct,56.801
4,121,direct,493.311
4,122,direct,137.394
4,123,direct,54.261
4,124,direct,44.906
4,125,direct,44.008
4,126,direct,41.796
4,127,direct,44.62
4,128,direct,84.43
4,129,direct,128.428
4,130,direct,48.985
4,131,direct,41.675
4,132,direct,41.964
4,133,direct,40.915
4,134,direct,50.673
4,135,direct,901.677
4,136,direct,196.906
4,137,direct,69.269
4,138,direct,48.089
4,139,direct,43.55
4,140,direct,43.13
4,141,direct,42.96
4,142,direct,48.114
4,143,direct,44.211
4,144,direct,41.342
4,145,direct,41.609
4,146,direct,40.952
4,147,direct,160.545
4,148,direct,47.48
4,149,direct,43.121
4,150,direct,41.058
4,151,direct,41.007
4,152,direct,369.979
4,153,direct,50.728
4,154,direct,50.12
4,155,direct,48.544
4,156,direct,1955.185
4,157,direct,103.66
4,158,direct,50.293
4,159,direct,101.55
4,160,direct,50.96
4,161,direct,43.693
4,162,direct,40.881
4,163,direct,42.355
4,164,direct,40.592
4,165,direct,40.044
4,166,direct,41.378
4,167,direct,39.667
4,168,direct,39.674
4,169,direct,39.225
4,170,direct,38.995
4,171,direct,44.021
4,172,direct,39.73
4,173,direct,38.898
4,174,direct,39.075
4,175,direct,38.807
4,176,direct,40.408
4,177,direct,39.114
4,178,direct,40.26
4,179,direct,38.736
4,180,direct,38.993
4,181,direct,39.51
4,182,direct,80.952
4,183,direct,48.435
4,184,direct,43.182
4,185,direct,42.453
4,186,direct,40.169
4,187,direct,38.805
4,188,direct,39.151
4,189,direct,39.559
4,190,direct,39.46
4,191,direct,39.179
4,192,direct,46.127
4,193,direct,39.311
4,194,direct,39.429
4,195,direct,38.696
4,196,direct,39.161
4,197,direct,39.909
4,198,direct,38.199
4,199,direct,39.34
4,200,direct,43.876
4,201,direct,48.826
4,202,direct,39.588
4,203,direct,39.997
4,204,direct,39.111
4,205,direct,1511.572
4,206,direct,484.507
4,207,direct,189.398
4,208,direct,66.557
4,209,direct,43.589
4,210,direct,42.741
4,211,direct,42.999
4,212,direct,40.981
4,213,direct,40.09
4,214,direct,39.885
4,215,direct,40.554
4,216,direct,39.314
4,217,direct,39.509
4,218,direct,40.49
4,219,direct,39.67
4,220,direct,38.159
4,221,direct,40.026
4,222,direct,38.901
4,223,direct,44.96
4,224,direct,40.274
4,225,direct,39.635
4,226,direct,134.065
4,227,direct,56.337
4,228,direct,338.859
4,229,direct,48.495
4,230,direct,48.052
4,231,direct,42.11
4,232,direct,2992.939
4,233,direct,241.867
4,234,direct,55.381
4,235,direct,46.128
4,236,direct,44.817
4,237,direct,77.783
4,238,direct,47.456
4,239,direct,42.03
4,240,direct,41.097
4,241,direct,39.923
4,242,direct,40.75
4,243,direct,39.437
4,244,direct,39.771
4,245,direct,143.52
4,246,direct,52.475
4,247,direct,45.134
4,248,direct,40.508
4,249,direct,45.687
4,250,direct,43.386
4,251,direct,41.74
4,252,direct,40.731
4,253,direct,40.986
4,254,direct,39.058
4,255,direct,39.879
4,0,contract,615.585
4,1,contract,265.186
4,2,contract,291.404
4,3,contract,370.994
4,4,contract,240.587
4,5,contract,284.767
4,6,contract,231.213
4,7,contract,227.066
4,8,contract,231.5
4,9,contract,297.664
4,10,contract,595.949
4,11,contract,277.581
4,12,contract,349.867
4,13,contract,229.932
4,14,contract,322.734
4,15,contract,293.529
4,16,contract,319.465
4,17,contract,237.679
4,18,contract,416.369
4,19,contract,230.625
4,20,contract,225.198
4,21,contract,218.956
4,22,contract,292.941
4,23,contract,347.711
4,24,contract,237.066
4,25,contract,230.65
4,26,contract,281.738
4,27,contract,233.194
4,28,contract,332.101
4,29,contract,255.582
4,30,contract,355.658
4,31,contract,260.179
4,32,contract,338.138
4,33,contract,237.014
4,34,contract,241.56
4,35,contract,223.628
4,36,contract,219.453
4,37,contract,505.615
4,38,contract,306.021
4,39,contract,301.181
4,40,contract,236.963
4,41,contract,225.679
4,42,contract,229.402
4,43,contract,539.594
4,44,contract,327.437
4,45,contract,228.82
4,46,contract,275.014
4,47,contract,228.7
4,48,contract,535.604
4,49,contract,486.319
4,50,contract,336.222
4,51,contract,358.338
4,52,contract,285.458
4,53,contract,249.723
4,54,contract,806.083
4,55,contract,345.078
4,56,contract,279.041
4,57,contract,239.006
4,58,contract,536.98
4,59,contract,748.433
4,60,contract,514.143
4,61,contract,241.324
4,62,contract,227.891
4,63,contract,530.245
4,64,contract,295.669
4,65,contract,247.966
4,66,contract,230.427
4,67,contract,269.502
4,68,contract,228.812
4,69,contract,210.168
4,70,contract,474.418
4,71,contract,252.893
4,72,contract,1078.064
4,73,contract,236.048
4,74,contract,223.287
4,75,contract,274.834
4,76,contract,312.535
4,77,contract,239.572
4,78,contract,358.689
4,79,contract,2058.467
4,80,contract,258.441
4,81,contract,229.734
4,82,contract,218.062
4,83,contract,278.737
4,84,contract,225.194
4,85,contract,633.086
4,86,contract,277.849
4,87,contract,213.431
4,88,contract,218.141
4,89,contract,209.011
4,90,contract,272.883
4,91,contract,223.483
4,92,contract,407.912
4,93,contract,322.338
4,94,contract,219.385
4,95,contract,212.575
4,96,contract,502.63
4,97,contract,416.139
4,98,contract,242.882
4,99,contract,221.09
4,100,contract,266.967
4,101,contract,927.071
4,102,contract,254.407
4,103,contract,256.918
4,104,contract,228.408
4,105,contract,258.604
4,106,contract,217.246
4,107,contract,217.803
4,108,contract,218.213
4,109,contract,1257.633
4,110,contract,1360.028
4,111,contract,460.23
4,112,contract,585.336
4,113,contract,273.998
4,114,contract,227.069
4,115,contract,284.119
4,116,contract,222.121
4,117,contract,219.317
4,118,contract,250.58
4,119,contract,244.715
4,120,contract,212.056
4,121,contract,323.66
4,122,contract,210.02
4,123,contract,387.192
4,124,contract,206.452
4,125,contract,343.483
4,126,contract,253.252
4,127,contract,296.342
4,128,contract,294.725
4,129,contract,220.501
4,130,contract,258.231
4,131,contract,198.155
4,132,contract,193.735
4,133,contract,204.702
4,134,contract,225.757
4,135,contract,211.242
4,136,contract,200.409
4,137,contract,290.917
4,138,contract,351.846
4,139,contract,209.395
4,140,contract,202.547
4,141,contract,574.391
4,142,contract,237.626
4,143,contract,207.92
4,144,contract,199.522
4,145,contract,199.348
4,146,contract,243.929
4,147,contract,203.731
4,148,contract,200.653
4,149,contract,204.138
4,150,contract,228.49
4,151,contract,213.848
4,152,contract,199.489
4,153,contract,199.822
4,154,contract,329.101
4,155,contract,294.747
4,156,contract,1130.463
4,157,contract,235.685
4,158,contract,518.021
4,159,contract,299.191
4,160,contract,205.488
4,161,contract,203.507
4,162,contract,253.406
4,163,contract,218.444
4,164,contract,205.605
4,165,contract,373.993
4,166,contract,450.535
4,167,contract,214.474
4,168,contract,355.102
4,169,contract,254.245
4,170,contract,205.039
4,171,contract,206.725
4,172,contract,202.305
4,173,contract,237.461
4,174,contract,2181.973
4,175,contract,249.842
4,176,contract,343.61
4,177,contract,266.151
4,178,contract,218.775
4,179,contract,206.216
4,180,contract,204.026
4,181,contract,212.755
4,182,contract,1525.289
4,183,contract,252.157
4,184,contract,210.199
4,185,contract,370.811
4,186,contract,216.931
4,187,contract,386.044
4,188,contract,342.963
4,189,contract,211.531
4,190,contract,203.548
4,191,contract,205.54
4,192,contract,241.619
4,193,contract,204.483
4,194,contract,347.715
4,195,contract,202.233
4,196,contract,233.706
4,197,contract,210.486
4,198,contract,202.739
4,199,contract,199.662
4,200,contract,216.649
4,201,contract,354.472
4,202,contract,206.95
4,203,contract,295.299
4,204,contract,247.478
4,205,contract,224.467
4,206,contract,203.981
4,207,contract,201.675
4,208,contract,203.644
4,209,contract,233.239
4,210,contract,201.27
4,211,contract,353.16
4,212,contract,218.044
4,213,contract,253.861
4,214,contract,346.194
4,215,contract,207.98
4,216,contract,202.633
4,217,contract,349.053
4,218,contract,211.825
4,219,contract,299.401
4,220,contract,226.458
4,221,contract,259.282
4,222,contract,203.433
4,223,contract,204.815
4,224,contract,200.403
4,225,contract,240.097
4,226,contract,205.211
4,227,contract,414.817
4,228,contract,221.214
4,229,contract,257.153
4,230,contract,204.303
4,231,contract,199.115
4,232,contract,201.907
4,233,contract,354.628
4,234,contract,252.111
4,235,contract,351.632
4,236,contract,218.075
4,237,contract,632.211
4,238,contract,543.211
4,239,contract,222.08
4,240,contract,208.096
4,241,contract,207.318
4,242,contract,390.56
4,243,contract,330.924
4,244,contract,217.529
4,245,contract,209.247
4,246,contract,440.564
4,247,contract,211.383
4,248,contract,294.211
4,249,contract,252.584
4,250,contract,214.55
4,251,contract,201.938
4,252,contract,207.41
4,253,contract,328.157
4,254,contract,211.433
4,255,contract,200.58
5,0,contract,686.241
5,1,contract,416.17
5,2,contract,253.879
5,3,contract,301.12
5,4,contract,232.93
5,5,contract,230.674
5,6,contract,222.164
5,7,contract,274.668
5,8,contract,238.523
5,9,contract,598.826
5,10,contract,252.572
5,11,contract,240.189
5,12,contract,223.661
5,13,contract,286.433
5,14,contract,247.472
5,15,contract,405.398
5,16,contract,511.794
5,17,contract,237.684
5,18,contract,222.637
5,19,contract,346.869
5,20,contract,233.37
5,21,contract,217.556
5,22,contract,223.673
5,23,contract,220.949
5,24,contract,262.017
5,25,contract,231.85
5,26,contract,219.768
5,27,contract,223.766
5,28,contract,278.325
5,29,contract,223.927
5,30,contract,350.59
5,31,contract,225.404
5,32,contract,286.127
5,33,contract,224.499
5,34,contract,242.742
5,35,contract,223.191
5,36,contract,257.964
5,37,contract,223.581
5,38,contract,220.517
5,39,contract,221.981
5,40,contract,255.076
5,41,contract,227.184
5,42,contract,225.921
5,43,contract,222.147
5,44,contract,288.817
5,45,contract,242.722
5,46,contract,348.975
5,47,contract,235.543
5,48,contract,280.358
5,49,contract,231.117
5,50,contract,341.474
5,51,contract,268.803
5,52,contract,231.471
5,53,contract,223.49
5,54,contract,218.28
5,55,contract,221.687
5,56,contract,267.05
5,57,contract,225.163
5,58,contract,225.116
5,59,contract,226.408
5,60,contract,306.251
5,61,contract,294.49
5,62,contract,252.207
5,63,contract,430.323
5,64,contract,216.144
5,65,contract,212.004
5,66,contract,220.024
5,67,contract,242.517
5,68,contract,441.024
5,69,contract,224.07
5,70,contract,209.707
5,71,contract,238.427
5,72,contract,207.869
5,73,contract,208.544
5,74,contract,212.625
5,75,contract,300.062
5,76,contract,225.166
5,77,contract,877.183
5,78,contract,214.861
5,79,contract,297.174
5,80,contract,222.26
5,81,contract,245.176
5,82,contract,209.106
5,83,contract,496.458
5,84,contract,273.26
5,85,contract,233.105
5,86,contract,386.937
5,87,contract,308.317
5,88,contract,231.099
5,89,contract,395.807
5,90,contract,212.391
5,91,contract,265.425
5,92,contract,624.738
5,93,contract,300.026
5,94,contract,213.768
5,95,contract,525.054
5,96,contract,278.838
5,97,contract,331.445
5,98,contract,765.889
5,99,contract,418.293
5,100,contract,224.648
5,101,contract,272.368
5,102,contract,224.628
5,103,contract,213.75
5,104,contract,207.582
5,105,contract,340.825
5,106,contract,220.301
5,107,contract,216.768
5,108,contract,215.034
5,109,contract,280.928
5,110,contract,219.343
5,111,contract,207.733
5,112,contract,303.661
5,113,contract,301.297
5,114,contract,288.502
5,115,contract,231.624
5,116,contract,222.266
5,117,contract,501.428
5,118,contract,220.236
5,119,contract,211.591
5,120,contract,243.867
5,121,contract,326.975
5,122,contract,211.518
5,123,contract,206.966
5,124,contract,236.122
5,125,contract,219.103
5,126,contract,200.979
5,127,contract,426.942
5,128,contract,430.39
5,129,contract,230.606
5,130,contract,210.021
5,131,contract,228.054
5,132,contract,215.105
5,133,contract,208.641
5,134,contract,198.352
5,135,contract,203.965
5,136,contract,234.666
5,137,contract,203.82
5,138,contract,198.376
5,139,contract,295.549
5,140,contract,242.379
5,141,contract,225.071
5,142,contract,209.354
5,143,contract,198.779
5,144,contract,197.428
5,145,contract,254.247
5,146,contract,206.326
5,147,contract,201.763
5,148,contract,201.236
5,149,contract,201.48
5,150,contract,238.021
5,151,contract,202.445
5,152,contract,198.031
5,153,contract,196.822
5,154,contract,534.382
5,155,contract,210.224
5,156,contract,200.235
5,157,contract,351.255
5,158,contract,212.773
5,159,contract,197.123
5,160,contract,201.319
5,161,contract,198.0
5,162,contract,259.064
5,163,contract,220.472
5,164,contract,580.602
5,165,contract,264.271
5,166,contract,215.112
5,167,contract,203.851
5,168,contract,204.947
5,169,contract,244.804
5,170,contract,206.388
5,171,contract,205.909
5,172,contract,199.398
5,173,contract,204.741
5,174,contract,239.022
5,175,contract,210.582
5,176,contract,200.539
5,177,contract,291.585
5,178,contract,255.167
5,179,contract,211.066
5,180,contract,198.382
5,181,contract,211.975
5,182,contract,200.665
5,183,contract,349.041
5,184,contract,211.998
5,185,contract,199.716
5,186,contract,199.588
5,187,contract,238.204
5,188,contract,204.386
5,189,contract,203.985
5,190,contract,199.957
5,191,contract,202.995
5,192,contract,245.677
5,193,contract,201.185
5,194,contract,325.318
5,195,contract,201.357
5,196,contract,262.217
5,197,contract,205.932
5,198,contract,198.751
5,199,contract,198.431
5,200,contract,257.013
5,201,contract,212.736
5,202,contract,200.084
5,203,contract,199.168
5,204,contract,197.168
5,205,contract,242.807
5,206,contract,207.47
5,207,contract,201.891
5,208,contract,201.459
5,209,contract,198.934
5,210,contract,235.582
5,211,contract,202.811
5,212,contract,197.114
5,213,contract,204.971
5,214,contract,202.523
5,215,contract,255.904
5,216,contract,202.767
5,217,contract,205.547
5,218,contract,199.875
5,219,contract,231.069
5,220,contract,205.698
5,221,contract,208.325
5,222,contract,198.05
5,223,contract,197.465
5,224,contract,227.729
5,225,contract,204.28
5,226,contract,199.216
5,227,contract,231.749
5,228,contract,208.818
5,229,contract,241.116
5,230,contract,202.962
5,231,contract,200.811
5,232,contract,196.969
5,233,contract,203.279
5,234,contract,269.003
5,235,contract,201.397
5,236,contract,203.58
5,237,contract,204.936
5,238,contract,235.007
5,239,contract,205.173
5,240,contract,200.107
5,241,contract,204.244
5,242,contract,475.474
5,243,contract,218.71
5,244,contract,202.912
5,245,contract,205.319
5,246,contract,238.021
5,247,contract,208.187
5,248,contract,199.281
5,249,contract,198.868
5,250,contract,206.753
5,251,contract,301.945
5,252,contract,219.778
5,253,contract,207.649
5,254,contract,198.612
5,255,contract,239.127
5,0,direct,138.219
5,1,direct,59.936
5,2,direct,49.854
5,3,direct,48.674
5,4,direct,50.714
5,5,direct,49.15
5,6,direct,48.799
5,7,direct,46.595
5,8,direct,46.81
5,9,direct,45.575
5,10,direct,46.784
5,11,direct,45.478
5,12,direct,111.945
5,13,direct,58.734
5,14,direct,48.643
5,15,direct,47.757
5,16,direct,44.838
5,17,direct,46.199
5,18,direct,45.925
5,19,direct,47.165
5,20,direct,46.135
5,21,direct,48.722
5,22,direct,46.783
5,23,direct,47.515
5,24,direct,46.331
5,25,direct,45.636
5,26,direct,46.666
5,27,direct,51.31
5,28,direct,47.287
5,29,direct,45.818
5,30,direct,46.653
5,31,direct,46.716
5,32,direct,76.789
5,33,direct,48.328
5,34,direct,46.2
5,35,direct,48.679
5,36,direct,45.524
5,37,direct,44.878
5,38,direct,45.36
5,39,direct,57.656
5,40,direct,47.222
5,41,direct,46.139
5,42,direct,46.405
5,43,direct,47.062
5,44,direct,45.548
5,45,direct,46.439
5,46,direct,47.601
5,47,direct,44.678
5,48,direct,44.733
5,49,direct,46.42
5,50,direct,48.131
5,51,direct,44.964
5,52,direct,70.005
5,53,direct,186.224
5,54,direct,54.269
5,55,direct,47.198
5,56,direct,51.387
5,57,direct,48.912
5,58,direct,110.551
5,59,direct,61.112
5,60,direct,311.97
5,61,direct,56.93
5,62,direct,80.416
5,63,direct,54.022
5,64,direct,50.616
5,65,direct,50.462
5,66,direct,47.374
5,67,direct,47.951
5,68,direct,48.388
5,69,direct,50.719
5,70,direct,47.295
5,71,direct,49.604
5,72,direct,47.865
5,73,direct,47.448
5,74,direct,53.518
5,75,direct,143.393
5,76,direct,51.482
5,77,direct,51.331
5,78,direct,55.492
5,79,direct,45.644
5,80,direct,105.954
5,81,direct,49.183
5,82,direct,48.155
5,83,direct,48.849
5,84,direct,48.904
5,85,direct,51.941
5,86,direct,47.644
5,87,direct,47.232
5,88,direct,50.43
5,89,direct,47.598
5,90,direct,46.965
5,91,direct,48.28
5,92,direct,50.055
5,93,direct,46.993
5,94,direct,47.253
5,95,direct,52.249
5,96,direct,49.929
5,97,direct,46.467
5,98,direct,47.41
5,99,direct,75.314
5,100,direct,52.16
5,101,direct,48.65
5,102,direct,46.213
5,103,direct,49.344
5,104,direct,45.849
5,105,direct,46.593
5,106,direct,46.524
5,107,direct,48.943
5,108,direct,47.756
5,109,direct,47.839
5,110,direct,46.902
5,111,direct,47.678
5,112,direct,48.312
5,113,direct,47.434
5,114,direct,51.902
5,115,direct,48.147
5,116,direct,59.998
5,117,direct,48.604
5,118,direct,47.519
5,119,direct,75.543
5,120,direct,47.35
5,121,direct,236.744
5,122,direct,63.457
5,123,direct,40.395
5,124,direct,40.636
5,125,direct,38.223
5,126,direct,38.056
5,127,direct,40.426
5,128,direct,38.772
5,129,direct,39.61
5,130,direct,40.443
5,131,direct,39.652
5,132,direct,39.707
5,133,direct,37.728
5,134,direct,46.46
5,135,direct,38.645
5,136,direct,37.242
5,137,direct,78.076
5,138,direct,292.012
5,139,direct,42.508
5,140,direct,39.028
5,141,direct,38.919
5,142,direct,43.851
5,143,direct,39.15
5,144,direct,38.215
5,145,direct,39.071
5,146,direct,38.249
5,147,direct,38.628
5,148,direct,39.744
5,149,direct,39.002
5,150,direct,38.627
5,151,direct,38.665
5,152,direct,38.449
5,153,direct,38.972
5,154,direct,44.442
5,155,direct,88.512
5,156,direct,40.477
5,157,direct,39.3
5,158,direct,39.047
5,159,direct,38.177
5,160,direct,38.391
5,161,direct,39.095
5,162,direct,38.843
5,163,direct,38.981
5,164,direct,39.17
5,165,direct,39.106
5,166,direct,64.457
5,167,direct,40.84
5,168,direct,38.766
5,169,direct,39.551
5,170,direct,39.895
5,171,direct,44.927
5,172,direct,40.158
5,173,direct,39.464
5,174,direct,39.078
5,175,direct,38.34
5,176,direct,38.393
5,177,direct,37.864
5,178,direct,62.458
5,179,direct,40.708
5,180,direct,39.873
5,181,direct,39.629
5,182,direct,38.634
5,183,direct,38.53
5,184,direct,39.53
5,185,direct,39.9
5,186,direct,39.911
5,187,direct,39.05
5,188,direct,38.578
5,189,direct,38.667
5,190,direct,38.474
5,191,direct,39.119
5,192,direct,44.454
5,193,direct,39.324
5,194,direct,38.736
5,195,direct,39.356
5,196,direct,39.814
5,197,direct,39.28
5,198,direct,39.09
5,199,direct,38.298
5,200,direct,45.555
5,201,direct,47.154
5,202,direct,148.979
5,203,direct,50.076
5,204,direct,40.952
5,205,direct,40.797
5,206,direct,39.673
5,207,direct,39.751
5,208,direct,39.623
5,209,direct,39.734
5,210,direct,38.876
5,211,direct,41.102
5,212,direct,39.09
5,213,direct,40.505
5,214,direct,39.064
5,215,direct,40.326
5,216,direct,39.561
5,217,direct,117.371
5,218,direct,49.406
5,219,direct,41.356
5,220,direct,39.896
5,221,direct,41.135
5,222,direct,63.091
5,223,direct,47.036
5,224,direct,42.141
5,225,direct,40.217
5,226,direct,40.232
5,227,direct,40.419
5,228,direct,43.758
5,229,direct,39.182
5,230,direct,44.579
5,231,direct,40.226
5,232,direct,41.042
5,233,direct,40.44
5,234,direct,40.115
5,235,direct,40.788
5,236,direct,40.045
5,237,direct,40.484
5,238,direct,40.283
5,239,direct,40.478
5,240,direct,40.308
5,241,direct,39.696
5,242,direct,39.779
5,243,direct,40.135
5,244,direct,38.871
5,245,direct,160.115
5,246,direct,54.293
5,247,direct,40.906
5,248,direct,38.711
5,249,direct,38.36
5,250,direct,37.861
5,251,direct,38.336
5,252,direct,38.416
5,253,direct,38.636
5,254,direct,38.866
5,255,direct,38.207
6,0,direct,166.677
6,1,direct,62.0
6,2,direct,50.979
6,3,direct,47.844
6,4,direct,48.789
6,5,direct,48.283
6,6,direct,46.492
6,7,direct,45.597
6,8,direct,47.413
6,9,direct,44.741
6,10,direct,46.763
6,11,direct,45.147
6,12,direct,46.616
6,13,direct,44.285
6,14,direct,44.388
6,15,direct,45.081
6,16,direct,50.42
6,17,direct,44.985
6,18,direct,46.025
6,19,direct,45.516
6,20,direct,82.283
6,21,direct,49.608
6,22,direct,45.332
6,23,direct,45.703
6,24,direct,44.69
6,25,direct,44.16
6,26,direct,43.931
6,27,direct,50.569
6,28,direct,44.371
6,29,direct,45.865
6,30,direct,46.146
6,31,direct,46.402
6,32,direct,44.306
6,33,direct,44.289
6,34,direct,44.639
6,35,direct,46.448
6,36,direct,44.246
6,37,direct,44.896
6,38,direct,44.357
6,39,direct,55.411
6,40,direct,127.975
6,41,direct,58.121
6,42,direct,48.381
6,43,direct,46.175
6,44,direct,45.779
6,45,direct,47.586
6,46,direct,47.916
6,47,direct,45.086
6,48,direct,45.693
6,49,direct,46.677
6,50,direct,46.406
6,51,direct,44.592
6,52,direct,45.912
6,53,direct,44.719
6,54,direct,45.735
6,55,direct,44.75
6,56,direct,49.245
6,57,direct,45.17
6,58,direct,43.71
6,59,direct,44.119
6,60,direct,75.03
6,61,direct,49.86
6,62,direct,46.249
6,63,direct,44.941
6,64,direct,45.913
6,65,direct,47.293
6,66,direct,44.206
6,67,direct,45.12
6,68,direct,43.968
6,69,direct,47.053
6,70,direct,44.472
6,71,direct,43.857
6,72,direct,44.968
6,73,direct,44.716
6,74,direct,44.97
6,75,direct,43.788
6,76,direct,43.788
6,77,direct,45.072
6,78,direct,51.952
6,79,direct,44.421
6,80,direct,46.318
6,81,direct,74.606
6,82,direct,48.978
6,83,direct,46.427
6,84,direct,47.039
6,85,direct,49.855
6,86,direct,44.776
6,87,direct,45.755
6,88,direct,46.629
6,89,direct,44.206
6,90,direct,44.026
6,91,direct,44.509
6,92,direct,46.965
6,93,direct,46.186
6,94,direct,44.885
6,95,direct,43.853
6,96,direct,46.235
6,97,direct,45.59
6,98,direct,44.987
6,99,direct,43.711
6,100,direct,46.481
6,101,direct,44.418
6,102,direct,70.207
6,103,direct,50.558
6,104,direct,44.951
6,105,direct,44.251
6,106,direct,44.611
6,107,direct,47.045
6,108,direct,44.959
6,109,direct,45.089
6,110,direct,44.085
6,111,direct,44.64
6,112,direct,45.366
6,113,direct,45.05
6,114,direct,49.803
6,115,direct,45.418
6,116,direct,56.147
6,117,direct,45.227
6,118,direct,45.381
6,119,direct,44.131
6,120,direct,43.856
6,121,direct,149.156
6,122,direct,56.331
6,123,direct,39.018
6,124,direct,38.884
6,125,direct,37.312
6,126,direct,37.094
6,127,direct,38.433
6,128,direct,38.365
6,129,direct,38.769
6,130,direct,37.546
6,131,direct,37.196
6,132,direct,37.833
6,133,direct,37.456
6,134,direct,44.895
6,135,direct,38.518
6,136,direct,37.815
6,137,direct,37.423
6,138,direct,37.542
6,139,direct,39.137
6,140,direct,37.324
6,141,direct,37.317
6,142,direct,41.771
6,143,direct,37.658
6,144,direct,37.804
6,145,direct,38.097
6,146,direct,68.254
6,147,direct,39.138
6,148,direct,38.146
6,149,direct,37.888
6,150,direct,38.261
6,151,direct,39.619
6,152,direct,227.577
6,153,direct,43.565
6,154,direct,45.262
6,155,direct,39.662
6,156,direct,38.967
6,157,direct,38.727
6,158,direct,38.99
6,159,direct,39.454
6,160,direct,38.499
6,161,direct,38.687
6,162,direct,38.294
6,163,direct,38.428
6,164,direct,38.131
6,165,direct,59.838
6,166,direct,43.956
6,167,direct,39.054
6,168,direct,38.451
6,169,direct,39.089
6,170,direct,39.615
6,171,direct,44.823
6,172,direct,39.906
6,173,direct,40.516
6,174,direct,39.183
6,175,direct,38.974
6,176,direct,39.687
6,177,direct,39.153
6,178,direct,37.808
6,179,direct,38.626
6,180,direct,38.784
6,181,direct,38.232
6,182,direct,39.388
6,183,direct,37.344
6,184,direct,38.02
6,185,direct,37.871
6,186,direct,38.344
6,187,direct,37.524
6,188,direct,38.158
6,189,direct,38.208
6,190,direct,62.405
6,191,direct,44.613
6,192,direct,45.85
6,193,direct,39.739
6,194,direct,39.167
6,195,direct,39.08
6,196,direct,39.374
6,197,direct,38.011
6,198,direct,38.177
6,199,direct,38.084
6,200,direct,42.517
6,201,direct,46.022
6,202,direct,38.803
6,203,direct,38.759
6,204,direct,240.128
6,205,direct,65.96
6,206,direct,42.215
6,207,direct,41.172
6,208,direct,81.934
6,209,direct,114.777
6,210,direct,52.803
6,211,direct,41.635
6,212,direct,39.541
6,213,direct,40.723
6,214,direct,38.957
6,215,direct,39.266
6,216,direct,38.88
6,217,direct,39.216
6,218,direct,38.857
6,219,direct,38.528
6,220,direct,119.23
6,221,direct,52.333
6,222,direct,40.455
6,223,direct,48.967
6,224,direct,41.054
6,225,direct,39.184
6,226,direct,38.052
6,227,direct,38.145
6,228,direct,67.64
6,229,direct,41.17
6,230,direct,46.349
6,231,direct,38.891
6,232,direct,39.661
6,233,direct,39.235
6,234,direct,38.949
6,235,direct,40.154
6,236,direct,39.464
6,237,direct,39.312
6,238,direct,38.38
6,239,direct,38.375
6,240,direct,38.576
6,241,direct,37.892
6,242,direct,38.291
6,243,direct,37.899
6,244,direct,38.309
6,245,direct,373.465
6,246,direct,220.419
6,247,direct,59.085
6,248,direct,41.909
6,249,direct,246.841
6,250,direct,54.809
6,251,direct,41.099
6,252,direct,39.93
6,253,direct,42.347
6,254,direct,168.706
6,255,direct,88.699
6,0,contract,579.176
6,1,contract,331.343
6,2,contract,263.382
6,3,contract,234.076
6,4,contract,230.023
6,5,contract,265.291
6,6,contract,401.195
6,7,contract,258.596
6,8,contract,262.971
6,9,contract,233.848
6,10,contract,317.185
6,11,contract,254.655
6,12,contract,263.844
6,13,contract,229.331
6,14,contract,221.319
6,15,contract,223.995
6,16,contract,275.361
6,17,contract,250.011
6,18,contract,222.653
6,19,contract,219.153
6,20,contract,221.39
6,21,contract,254.727
6,22,contract,224.946
6,23,contract,221.847
6,24,contract,227.552
6,25,contract,259.828
6,26,contract,226.803
6,27,contract,229.269
6,28,contract,220.244
6,29,contract,251.985
6,30,contract,225.942
6,31,contract,220.895
6,32,contract,225.287
6,33,contract,217.984
6,34,contract,304.309
6,35,contract,224.059
6,36,contract,220.924
6,37,contract,221.02
6,38,contract,256.538
6,39,contract,246.857
6,40,contract,229.989
6,41,contract,225.577
6,42,contract,462.421
6,43,contract,241.874
6,44,contract,231.018
6,45,contract,264.738
6,46,contract,228.608
6,47,contract,226.357
6,48,contract,222.604
6,49,contract,648.741
6,50,contract,358.893
6,51,contract,297.948
6,52,contract,234.946
6,53,contract,222.956
6,54,contract,388.477
6,55,contract,521.173
6,56,contract,648.435
6,57,contract,336.414
6,58,contract,502.029
6,59,contract,320.908
6,60,contract,231.717
6,61,contract,226.956
6,62,contract,221.928
6,63,contract,412.262
6,64,contract,217.341
6,65,contract,212.326
6,66,contract,260.681
6,67,contract,458.319
6,68,contract,231.325
6,69,contract,212.196
6,70,contract,276.928
6,71,contract,206.99
6,72,contract,497.949
6,73,contract,332.23
6,74,contract,224.002
6,75,contract,209.016
6,76,contract,214.498
6,77,contract,256.998
6,78,contract,211.08
6,79,contract,209.795
6,80,contract,206.423
6,81,contract,243.828
6,82,contract,215.598
6,83,contract,226.994
6,84,contract,557.099
6,85,contract,239.339
6,86,contract,212.643
6,87,contract,211.125
6,88,contract,368.384
6,89,contract,218.799
6,90,contract,208.354
6,91,contract,212.513
6,92,contract,209.877
6,93,contract,265.348
6,94,contract,459.99
6,95,contract,333.907
6,96,contract,225.409
6,97,contract,211.042
6,98,contract,495.545
6,99,contract,284.358
6,100,contract,218.596
6,101,contract,215.221
6,102,contract,220.547
6,103,contract,279.344
6,104,contract,214.571
6,105,contract,208.971
6,106,contract,209.204
6,107,contract,249.031
6,108,contract,223.513
6,109,contract,217.378
6,110,contract,213.942
6,111,contract,210.202
6,112,contract,251.51
6,113,contract,211.179
6,114,contract,337.866
6,115,contract,216.761
6,116,contract,266.93
6,117,contract,219.688
6,118,contract,210.506
6,119,contract,403.155
6,120,contract,268.532
6,121,contract,325.168
6,122,contract,227.508
6,123,contract,251.955
6,124,contract,207.36
6,125,contract,213.245
6,126,contract,198.784
6,127,contract,202.421
6,128,contract,326.177
6,129,contract,216.388
6,130,contract,204.717
6,131,contract,197.799
6,132,contract,231.284
6,133,contract,210.694
6,134,contract,195.986
6,135,contract,202.755
6,136,contract,393.364
6,137,contract,214.28
6,138,contract,202.25
6,139,contract,200.75
6,140,contract,202.928
6,141,contract,254.657
6,142,contract,209.88
6,143,contract,200.189
6,144,contract,197.726
6,145,contract,231.503
6,146,contract,417.982
6,147,contract,204.707
6,148,contract,201.203
6,149,contract,244.757
6,150,contract,208.245
6,151,contract,198.519
6,152,contract,201.205
6,153,contract,370.938
6,154,contract,250.773
6,155,contract,475.182
6,156,contract,729.115
6,157,contract,322.408
6,158,contract,246.837
6,159,contract,207.798
6,160,contract,231.477
6,161,contract,523.649
6,162,contract,257.083
6,163,contract,301.914
6,164,contract,229.751
6,165,contract,284.165
6,166,contract,303.059
6,167,contract,727.29
6,168,contract,265.143
6,169,contract,212.625
6,170,contract,208.269
6,171,contract,521.747
6,172,contract,216.076
6,173,contract,469.049
6,174,contract,296.136
6,175,contract,363.215
6,176,contract,262.191
6,177,contract,225.28
6,178,contract,278.11
6,179,contract,239.945
6,180,contract,228.005
6,181,contract,225.748
6,182,contract,203.799
6,183,contract,206.677
6,184,contract,201.864
6,185,contract,236.606
6,186,contract,206.161
6,187,contract,203.941
6,188,contract,201.304
6,189,contract,205.595
6,190,contract,234.252
6,191,contract,209.495
6,192,contract,268.322
6,193,contract,228.778
6,194,contract,467.465
6,195,contract,215.642
6,196,contract,203.312
6,197,contract,212.608
6,198,contract,258.614
6,199,contract,201.853
6,200,contract,220.042
6,201,contract,402.435
6,202,contract,213.517
6,203,contract,1389.367
6,204,contract,571.303
6,205,contract,243.5
6,206,contract,215.695
6,207,contract,207.248
6,208,contract,1431.462
6,209,contract,241.721
6,210,contract,1291.154
6,211,contract,315.631
6,212,contract,219.361
6,213,contract,212.335
6,214,contract,406.219
6,215,contract,230.404
6,216,contract,205.825
6,217,contract,208.826
6,218,contract,204.332
6,219,contract,1277.082
6,220,contract,219.989
6,221,contract,888.423
6,222,contract,238.009
6,223,contract,212.546
6,224,contract,207.829
6,225,contract,252.163
6,226,contract,207.255
6,227,contract,241.215
6,228,contract,212.726
6,229,contract,246.852
6,230,contract,211.196
6,231,contract,310.117
6,232,contract,402.585
6,233,contract,231.629
6,234,contract,212.749
6,235,contract,324.374
6,236,contract,274.466
6,237,contract,230.495
6,238,contract,205.977
6,239,contract,202.574
6,240,contract,202.938
6,241,contract,246.39
6,242,contract,343.94
6,243,contract,217.104
6,244,contract,200.868
6,245,contract,247.683
6,246,contract,204.827
6,247,contract,202.345
6,248,contract,297.911
6,249,contract,237.795
6,250,contract,210.721
6,251,contract,200.901
6,252,contract,388.612
6,253,contract,284.478
6,254,contract,205.475
6,255,contract,199.205
7,0,contract,930.056
7,1,contract,274.414
7,2,contract,305.978
7,3,contract,268.109
7,4,contract,230.738
7,5,contract,366.291
7,6,contract,264.002
7,7,contract,230.703
7,8,contract,235.146
7,9,contract,219.598
7,10,contract,260.753
7,11,contract,223.218
7,12,contract,222.574
7,13,contract,325.892
7,14,contract,262.068
7,15,contract,350.932
7,16,contract,303.259
7,17,contract,296.25
7,18,contract,229.339
7,19,contract,222.021
7,20,contract,219.021
7,21,contract,252.738
7,22,contract,230.45
7,23,contract,222.622
7,24,contract,224.974
7,25,contract,227.97
7,26,contract,256.183
7,27,contract,229.165
7,28,contract,219.841
7,29,contract,220.872
7,30,contract,260.855
7,31,contract,311.813
7,32,contract,237.955
7,33,contract,222.039
7,34,contract,304.272
7,35,contract,226.922
7,36,contract,220.528
7,37,contract,230.17
7,38,contract,254.706
7,39,contract,221.969
7,40,contract,222.495
7,41,contract,224.295
7,42,contract,260.132
7,43,contract,227.394
7,44,contract,219.399
7,45,contract,218.364
7,46,contract,246.199
7,47,contract,245.566
7,48,contract,356.552
7,49,contract,226.345
7,50,contract,312.74
7,51,contract,237.709
7,52,contract,223.09
7,53,contract,222.668
7,54,contract,256.362
7,55,contract,593.504
7,56,contract,264.652
7,57,contract,367.768
7,58,contract,254.261
7,59,contract,228.141
7,60,contract,257.964
7,61,contract,302.483
7,62,contract,255.597
7,63,contract,447.293
7,64,contract,239.058
7,65,contract,214.465
7,66,contract,221.189
7,67,contract,235.424
7,68,contract,236.591
7,69,contract,212.3
7,70,contract,309.481
7,71,contract,251.485
7,72,contract,222.942
7,73,contract,211.07
7,74,contract,216.492
7,75,contract,214.793
7,76,contract,255.695
7,77,contract,215.229
7,78,contract,203.861
7,79,contract,205.82
7,80,contract,248.374
7,81,contract,228.112
7,82,contract,207.422
7,83,contract,224.46
7,84,contract,206.07
7,85,contract,257.395
7,86,contract,210.202
7,87,contract,356.579
7,88,contract,561.996
7,89,contract,217.993
7,90,contract,206.3
7,91,contract,213.033
7,92,contract,270.684
7,93,contract,323.075
7,94,contract,302.992
7,95,contract,303.83
7,96,contract,227.697
7,97,contract,208.126
7,98,contract,206.112
7,99,contract,250.354
7,100,contract,228.39
7,101,contract,213.168
7,102,contract,215.656
7,103,contract,346.907
7,104,contract,222.82
7,105,contract,207.892
7,106,contract,208.037
7,107,contract,213.379
7,108,contract,249.988
7,109,contract,303.353
7,110,contract,220.235
7,111,contract,207.589
7,112,contract,268.332
7,113,contract,213.962
7,114,contract,214.263
7,115,contract,217.678
7,116,contract,243.649
7,117,contract,227.433
7,118,contract,213.067
7,119,contract,210.292
7,120,contract,207.183
7,121,contract,346.407
7,122,contract,211.844
7,123,contract,206.688
7,124,contract,199.791
7,125,contract,243.387
7,126,contract,205.032
7,127,contract,199.681
7,128,contract,281.758
7,129,contract,262.937
7,130,contract,221.157
7,131,contract,198.544
7,132,contract,197.436
7,133,contract,207.973
7,134,contract,232.621
7,135,contract,207.867
7,136,contract,199.592
7,137,contract,196.529
7,138,contract,194.422
7,139,contract,231.108
7,140,contract,202.389
7,141,contract,206.502
7,142,contract,204.005
7,143,contract,196.239
7,144,contract,232.01
7,145,contract,198.713
7,146,contract,193.435
7,147,contract,196.564
7,148,contract,240.44
7,149,contract,222.35
7,150,contract,206.503
7,151,contract,202.35
7,152,contract,196.489
7,153,contract,234.987
7,154,contract,241.018
7,155,contract,197.565
7,156,contract,199.168
7,157,contract,204.425
7,158,contract,245.857
7,159,contract,203.279
7,160,contract,200.858
7,161,contract,207.305
7,162,contract,232.457
7,163,contract,220.206
7,164,contract,199.738
7,165,contract,204.952
7,166,contract,205.447
7,167,contract,255.682
7,168,contract,210.274
7,169,contract,199.248
7,170,contract,199.05
7,171,contract,203.583
7,172,contract,237.902
7,173,contract,206.365
7,174,contract,199.778
7,175,contract,203.994
7,176,contract,222.001
7,177,contract,205.359
7,178,contract,200.135
7,179,contract,197.944
7,180,contract,198.982
7,181,contract,240.274
7,182,contract,209.544
7,183,contract,207.135
7,184,contract,201.484
7,185,contract,197.939
7,186,contract,261.941
7,187,contract,205.159
7,188,contract,198.067
7,189,contract,204.783
7,190,contract,196.759
7,191,contract,397.183
7,192,contract,207.116
7,193,contract,515.066
7,194,contract,537.421
7,195,contract,566.068
7,196,contract,222.627
7,197,contract,209.697
7,198,contract,203.765
7,199,contract,251.792
7,200,contract,235.134
7,201,contract,942.563
7,202,contract,217.532
7,203,contract,202.053
7,204,contract,630.383
7,205,contract,232.913
7,206,contract,484.831
7,207,contract,406.1
7,208,contract,245.28
7,209,contract,548.241
7,210,contract,212.396
7,211,contract,198.586
7,212,contract,198.056
7,213,contract,260.152
7,214,contract,211.661
7,215,contract,201.252
7,216,contract,199.699
7,217,contract,205.989
7,218,contract,243.611
7,219,contract,302.255
7,220,contract,341.381
7,221,contract,281.939
7,222,contract,209.351
7,223,contract,201.969
7,224,contract,198.707
7,225,contract,205.678
7,226,contract,444.369
7,227,contract,247.476
7,228,contract,210.721
7,229,contract,239.454
7,230,contract,210.937
7,231,contract,201.428
7,232,contract,197.678
7,233,contract,200.385
7,234,contract,236.569
7,235,contract,349.741
7,236,contract,208.674
7,237,contract,349.216
7,238,contract,215.653
7,239,contract,202.293
7,240,contract,295.535
7,241,contract,433.389
7,242,contract,344.722
7,243,contract,214.022
7,244,contract,199.731
7,245,contract,264.552
7,246,contract,204.433
7,247,contract,203.464
7,248,contract,201.155
7,249,contract,476.552
7,250,contract,220.095
7,251,contract,205.077
7,252,contract,207.769
7,253,contract,253.169
7,254,contract,200.655
7,255,contract,200.165
7,0,direct,149.387
7,1,direct,61.187
7,2,direct,50.662
7,3,direct,47.28
7,4,direct,49.561
7,5,direct,48.913
7,6,direct,48.877
7,7,direct,47.477
7,8,direct,48.685
7,9,direct,46.114
7,10,direct,48.402
7,11,direct,46.169
7,12,direct,47.697
7,13,direct,46.397
7,14,direct,47.767
7,15,direct,47.616
7,16,direct,46.235
7,17,direct,75.938
7,18,direct,54.601
7,19,direct,49.241
7,20,direct,46.713
7,21,direct,49.088
7,22,direct,46.631
7,23,direct,48.869
7,24,direct,46.515
7,25,direct,46.827
7,26,direct,46.201
7,27,direct,51.075
7,28,direct,48.037
7,29,direct,47.548
7,30,direct,47.344
7,31,direct,47.627
7,32,direct,47.334
7,33,direct,45.667
7,34,direct,45.286
7,35,direct,48.929
7,36,direct,45.802
7,37,direct,91.293
7,38,direct,55.019
7,39,direct,61.22
7,40,direct,50.028
7,41,direct,48.605
7,42,direct,47.973
7,43,direct,47.566
7,44,direct,45.664
7,45,direct,47.738
7,46,direct,48.887
7,47,direct,47.189
7,48,direct,47.14
7,49,direct,48.247
7,50,direct,54.654
7,51,direct,48.183
7,52,direct,46.837
7,53,direct,46.474
7,54,direct,48.952
7,55,direct,45.977
7,56,direct,79.578
7,57,direct,54.053
7,58,direct,46.878
7,59,direct,48.152
7,60,direct,46.2
7,61,direct,48.804
7,62,direct,46.631
7,63,direct,46.557
7,64,direct,48.494
7,65,direct,48.444
7,66,direct,46.804
7,67,direct,47.086
7,68,direct,47.82
7,69,direct,48.542
7,70,direct,46.13
7,71,direct,46.081
7,72,direct,45.769
7,73,direct,47.236
7,74,direct,46.817
7,75,direct,45.751
7,76,direct,46.092
7,77,direct,77.865
7,78,direct,57.515
7,79,direct,47.96
7,80,direct,53.631
7,81,direct,212.372
7,82,direct,54.77
7,83,direct,49.539
7,84,direct,49.925
7,85,direct,53.077
7,86,direct,47.255
7,87,direct,47.794
7,88,direct,50.828
7,89,direct,47.046
7,90,direct,47.004
7,91,direct,46.88
7,92,direct,48.712
7,93,direct,93.246
7,94,direct,50.767
7,95,direct,47.688
7,96,direct,49.907
7,97,direct,47.558
7,98,direct,48.88
7,99,direct,46.255
7,100,direct,49.744
7,101,direct,48.742
7,102,direct,45.978
7,103,direct,49.506
7,104,direct,46.198
7,105,direct,47.074
7,106,direct,46.908
7,107,direct,49.489
7,108,direct,47.374
7,109,direct,48.178
7,110,direct,47.718
7,111,direct,48.186
7,112,direct,92.798
7,113,direct,55.417
7,114,direct,52.039
7,115,direct,48.816
7,116,direct,61.441
7,117,direct,48.465
7,118,direct,52.925
7,119,direct,142.231
7,120,direct,53.362
7,121,direct,123.802
7,122,direct,46.894
7,123,direct,38.596
7,124,direct,39.032
7,125,direct,38.0
7,126,direct,37.528
7,127,direct,39.441
7,128,direct,39.518
7,129,direct,79.693
7,130,direct,46.288
7,131,direct,41.346
7,132,direct,39.882
7,133,direct,40.749
7,134,direct,47.559
7,135,direct,39.953
7,136,direct,39.337
7,137,direct,38.567
7,138,direct,40.021
7,139,direct,41.326
7,140,direct,41.303
7,141,direct,40.513
7,142,direct,45.406
7,143,direct,41.374
7,144,direct,40.106
7,145,direct,40.897
7,146,direct,39.906
7,147,direct,39.859
7,148,direct,39.784
7,149,direct,40.204
7,150,direct,39.197
7,151,direct,38.886
7,152,direct,63.359
7,153,direct,44.264
7,154,direct,45.269
7,155,direct,39.477
7,156,direct,40.463
7,157,direct,39.394
7,158,direct,211.952
7,159,direct,62.834
7,160,direct,43.33
7,161,direct,42.55
7,162,direct,40.368
7,163,direct,40.59
7,164,direct,40.755
7,165,direct,40.812
7,166,direct,40.744
7,167,direct,40.544
7,168,direct,39.626
7,169,direct,40.147
7,170,direct,40.036
7,171,direct,70.197
7,172,direct,44.073
7,173,direct,40.859
7,174,direct,39.743
7,175,direct,39.562
7,176,direct,39.61
7,177,direct,39.61
7,178,direct,40.334
7,179,direct,39.532
7,180,direct,41.092
7,181,direct,39.6
7,182,direct,39.927
7,183,direct,40.678
7,184,direct,40.102
7,185,direct,39.835
7,186,direct,39.277
7,187,direct,38.508
7,188,direct,38.986
7,189,direct,40.109
7,190,direct,40.039
7,191,direct,39.537
7,192,direct,46.067
7,193,direct,39.393
7,194,direct,39.372
7,195,direct,102.241
7,196,direct,47.425
7,197,direct,42.302
7,198,direct,38.887
7,199,direct,38.383
7,200,direct,43.961
7,201,direct,48.904
7,202,direct,40.736
7,203,direct,222.717
7,204,direct,51.085
7,205,direct,43.398
7,206,direct,41.335
7,207,direct,40.309
7,208,direct,41.37
7,209,direct,38.988
7,210,direct,40.457
7,211,direct,41.054
7,212,direct,41.338
7,213,direct,87.927
7,214,direct,42.81
7,215,direct,41.102
7,216,direct,40.595
7,217,direct,40.123
7,218,direct,40.255
7,219,direct,40.543
7,220,direct,40.407
7,221,direct,40.479
7,222,direct,39.847
7,223,direct,45.772
7,224,direct,40.291
7,225,direct,41.597
7,226,direct,123.417
7,227,direct,468.761
7,228,direct,56.902
7,229,direct,43.444
7,230,direct,46.601
7,231,direct,40.747
7,232,direct,40.54
7,233,direct,40.387
7,234,direct,113.626
7,235,direct,49.67
7,236,direct,41.983
7,237,direct,46.637
7,238,direct,40.364
7,239,direct,40.43
7,240,direct,39.952
7,241,direct,40.719
7,242,direct,40.274
7,243,direct,41.228
7,244,direct,40.388
7,245,direct,142.303
7,246,direct,48.41
7,247,direct,41.557
7,248,direct,38.851
7,249,direct,38.878
7,250,direct,37.883
7,251,direct,38.672
7,252,direct,38.648
7,253,direct,38.768
7,254,direct,38.99
7,255,direct,39.218
