jobs,sample,feasible,visited_states,policy_rows,certificate_bytes,planning_ms
4,0,1,362,10,2148,0.879306999998164
4,1,1,249,13,2670,0.6973940000065681
4,2,1,410,13,2670,0.9766330000005041
4,3,1,247,13,2670,0.6013699999982691
4,4,1,297,13,2670,0.7178150000015648
4,5,1,480,7,1626,0.9491719999985548
4,6,1,215,10,2148,0.8329879999990908
4,7,1,269,4,1104,0.6524970000043595
4,8,1,269,4,1104,0.6632429999982037
4,9,1,279,4,1104,0.672827999999015
4,10,1,296,10,2148,0.6804590000015764
4,11,1,356,7,1626,1.121308999998405
4,12,1,244,10,2148,0.6390570000007756
4,13,1,375,10,2148,0.8328970000022196
4,14,1,439,7,1626,0.8324269999988587
4,15,1,386,13,2670,0.8396269999977335
4,16,1,464,4,1104,1.174138000003211
4,17,1,464,4,1104,0.883223000002431
4,18,1,238,10,2148,0.5819619999982706
4,19,1,372,10,2148,0.6575249999940525
6,0,1,1654,18,4655,4.213018000001512
6,1,1,814,21,5172,2.7349249999986114
6,2,1,1621,21,5173,4.424494999994977
6,3,1,796,21,5172,2.854984999999033
6,4,1,990,27,6218,2.775706000001321
6,5,1,1832,27,6454,4.778224999995473
6,6,1,614,18,4650,2.1685669999982338
6,7,1,752,21,5174,2.446543000004908
6,8,1,816,21,5174,2.657779999999832
6,9,1,774,21,5172,2.6027970000015443
6,10,1,902,21,5174,3.1444190000016192
6,11,1,1072,27,6441,3.1446390000056113
6,12,1,970,18,4654,2.596487999994679
6,13,1,1359,18,4651,3.501503000002515
6,14,1,1846,27,6449,4.526567999995734
6,15,1,1737,23,5638,4.638716000002319
6,16,1,2112,29,6793,5.286404999999661
6,17,1,1938,22,5462,4.930122000004644
6,18,1,1217,18,4651,3.5656090000060203
6,19,1,1334,18,4651,3.4915479999995114
8,0,1,3740,36,9381,10.822666000002812
8,1,1,1554,33,8603,5.495187999997597
8,2,1,3289,33,8636,10.228957000002481
8,3,1,1526,31,8157,5.479924999995944
8,4,1,2844,47,11283,11.720650000000887
8,5,1,3740,39,9905,11.150125000000344
8,6,1,1242,26,7178,4.138707000002739
8,7,1,1422,33,8620,4.816732000001878
8,8,1,1582,41,10123,5.377651999999955
8,9,1,1479,33,8621,5.2196250000022815
8,10,1,1816,37,9419,6.098932000000445
8,11,1,1971,45,11167,6.87687700000339
8,12,1,2311,26,7186,6.750958000004914
8,13,1,3766,26,7165,10.733342000001755
8,14,1,3661,39,9904,10.046293000002038
8,15,1,4250,54,12615,12.499927000000355
8,16,1,4284,62,14237,11.892107000001317
8,17,1,4008,34,8898,11.33271999999863
8,18,1,2429,30,7977,7.041213000000823
8,19,1,2437,39,9763,7.103826999994567
10,0,1,6308,48,12849,19.360609999999667
10,1,1,3449,51,13239,14.804087000001687
10,2,1,5075,59,14988,15.402393000002235
10,3,1,2510,51,13013,8.787628000000325
10,4,1,4902,49,12779,14.365060000002927
10,5,1,5881,59,15207,18.166923000002555
10,6,1,2048,36,10184,7.375093000000277
10,7,1,2279,43,11618,8.490042999994785
10,8,1,2513,53,13574,9.086836000001597
10,9,1,2478,61,15320,9.078874000003623
10,10,1,2938,53,13697,10.28453999999357
10,11,1,2999,65,16491,10.775284999994028
10,12,1,3893,34,9731,11.983694000001321
10,13,1,6483,83,19495,22.549505000000636
10,14,1,6539,57,14536,19.164887000002295
10,15,1,6897,75,17995,21.314865999997323
10,16,1,8326,89,20563,24.162760000002947
10,17,1,5950,65,16223,17.774520999999766
10,18,1,4913,61,15308,15.362179000000253
10,19,1,3520,51,13244,14.576630000000534
12,0,1,9270,62,16790,29.063010000001555
12,1,1,5829,63,16736,18.13391200000325
12,2,1,7396,79,20350,23.386977000001252
12,3,1,4260,69,17771,12.830809000000443
12,4,1,7519,61,16274,22.754806000001793
12,5,1,8264,71,18723,30.00069500000535
12,6,1,2969,48,13672,11.280032000001938
12,7,1,3283,63,16738,11.841994999997496
12,8,1,3595,77,19761,13.700729999996497
12,9,1,3733,81,20562,13.805431999998063
12,10,1,4219,81,20443,15.592898000008404
12,11,1,5188,81,20679,17.101209000003337
12,12,1,6736,71,18245,22.105578000008563
12,13,1,9314,110,26228,31.64446699999246
12,14,1,10603,75,19319,30.490195000012932
12,15,1,10889,96,23193,32.57937899999774
12,16,1,11238,119,27787,34.42307100000619
12,17,1,8401,87,21967,29.900108999996178
12,18,1,7388,65,17191,23.530100000002108
12,19,1,5124,67,17537,15.682196000000204
