jobs,sample,feasible,visited_states,policy_rows,certificate_bytes,planning_ms
4,0,1,362,10,2148,3.223452000383986
4,1,1,249,13,2670,5.237784999735595
4,2,1,410,13,2670,0.9934599997905025
4,3,1,247,13,2670,0.6766159999642696
4,4,1,297,13,2670,0.854185000207508
4,5,1,480,7,1626,2.3986460000742227
4,6,1,215,10,2148,0.8927280000534665
4,7,1,269,4,1104,0.7133039998734603
4,8,1,269,4,1104,2.09543599976314
4,9,1,279,4,1104,2.801872999953048
4,10,1,296,10,2148,0.8029729997360846
4,11,1,356,7,1626,1.8818829998963338
4,12,1,244,10,2148,0.6324959999801649
4,13,1,375,10,2148,0.8363010001630755
4,14,1,439,7,1626,2.958070000204316
4,15,1,386,13,2670,0.8695680003256712
4,16,1,464,4,1104,0.892262999968807
4,17,1,464,4,1104,0.9280760000365262
4,18,1,238,10,2148,1.7628860000513669
4,19,1,372,10,2148,3.0976440002632444
6,0,1,1654,18,4655,6.5726449997782765
6,1,1,814,21,5172,7.816179000201373
6,2,1,1621,21,5173,6.055524999737827
6,3,1,796,21,5172,6.768620999991981
6,4,1,990,27,6218,10.405625999737822
6,5,1,1832,27,6454,11.222231999909127
6,6,1,614,18,4650,2.7839640001730004
6,7,1,752,21,5174,6.206515000030777
6,8,1,816,21,5174,6.739934000052017
6,9,1,774,21,5172,7.608802000049764
6,10,1,902,21,5174,5.9541869995882735
6,11,1,1072,27,6441,10.118939999756549
6,12,1,970,18,4654,9.052668999629532
6,13,1,1359,18,4651,4.042595000100846
6,14,1,1846,27,6449,24.46429800011174
6,15,1,1737,23,5638,12.918828999772813
6,16,1,2112,29,6793,13.700288999643817
6,17,1,1938,22,5462,13.104344000112178
6,18,1,1217,18,4651,7.291990000339865
6,19,1,1334,18,4651,8.07411999994656
8,0,1,3740,36,9381,24.51360500026567
8,1,1,1554,33,8603,10.695448000205943
8,2,1,3289,33,8636,28.826677999859385
8,3,1,1526,31,8157,13.078781999865896
8,4,1,2844,47,11283,19.588790999932826
8,5,1,3740,39,9905,15.843916999983776
8,6,1,1242,26,7178,8.035689999815077
8,7,1,1422,33,8620,11.939225999867631
8,8,1,1582,41,10123,12.907801999972435
8,9,1,1479,33,8621,12.16878800005361
8,10,1,1816,37,9419,14.938841999992292
8,11,1,1971,45,11167,19.91720300020461
8,12,1,2311,26,7186,28.11254700009158
8,13,1,3766,26,7165,23.78272600026321
8,14,1,3661,39,9904,28.23849500009601
8,15,1,4250,54,12615,24.910166000154277
8,16,1,4284,62,14237,22.870722000334354
8,17,1,4008,34,8898,22.202153999842267
8,18,1,2429,30,7977,11.661082000046008
8,19,1,2437,39,9763,15.316815999995015
10,0,1,6308,48,12849,34.8317129996758
10,1,1,3449,51,13239,19.706744999894
10,2,1,5075,59,14988,28.526824999971723
10,3,1,2510,51,13013,20.107732999804284
10,4,1,4902,49,12779,30.05861899964657
10,5,1,5881,59,15207,39.06601800008502
10,6,1,2048,36,10184,18.743771000117704
10,7,1,2279,43,11618,20.3192039998612
10,8,1,2513,53,13574,13.278679999984888
10,9,1,2478,61,15320,17.161962000045605
10,10,1,2938,53,13697,19.815545000255952
10,11,1,2999,65,16491,22.051781000300252
10,12,1,3893,34,9731,25.106850999691233
10,13,1,6483,83,19495,35.62539199992898
10,14,1,6539,57,14536,42.313485000249784
10,15,1,6897,75,17995,42.85812200032524
10,16,1,8326,89,20563,69.12805199999639
10,17,1,5950,65,16223,35.43300100000124
10,18,1,4913,61,15308,34.50683799974286
10,19,1,3520,51,13244,35.86560199983069
12,0,1,9270,62,16790,78.70873499996378
12,1,1,5829,63,16736,41.860336999889114
12,2,1,7396,79,20350,68.48353499981386
12,3,1,4260,69,17771,36.68432699987534
12,4,1,7519,61,16274,76.37007900029857
12,5,1,8264,71,18723,59.45235499984847
12,6,1,2969,48,13672,23.34392500006288
12,7,1,3283,63,16738,21.183678999932454
12,8,1,3595,77,19761,27.519738000137295
12,9,1,3733,81,20562,33.79820300006031
12,10,1,4219,81,20443,30.4380319998927
12,11,1,5188,81,20679,38.19703399994978
12,12,1,6736,71,18245,45.307188000151655
12,13,1,9314,110,26228,57.62709500004348
12,14,1,10603,75,19319,109.06968600011169
12,15,1,10889,96,23193,67.05764399976033
12,16,1,11238,119,27787,171.3172710001345
12,17,1,8401,87,21967,96.07472500010772
12,18,1,7388,65,17191,56.76984100000482
12,19,1,5124,67,17537,35.284193999814306
