path,adapter,placement,declared_crashes,declared_flips,valid,final_state,attempts,effects,canceled_attempts,done_effects,post_effect_recoveries,events
0,admission,all_pre,0,0,True,"[3, 1, 2, 0, 0, 7]",3,3,0,3,0,9
0,cache,all_pre,0,0,True,"[3, 1, 2, 0, 0, 7]",3,3,0,3,0,9
0,tier,all_pre,0,0,True,"[3, 1, 2, 0, 0, 7]",3,3,0,3,0,9
1,admission,all_pre,1,0,True,"[3, 1, 1, 0, 0, 7]",4,3,1,3,0,12
1,admission,final_post,1,0,True,"[3, 1, 1, 0, 0, 7]",3,3,0,3,1,10
1,cache,all_pre,1,0,True,"[3, 1, 1, 0, 0, 7]",4,3,1,3,0,12
1,cache,final_post,1,0,True,"[3, 1, 1, 0, 0, 7]",3,3,0,3,1,10
1,tier,all_pre,1,0,True,"[3, 1, 1, 0, 0, 7]",4,3,1,3,0,12
1,tier,final_post,1,0,True,"[3, 1, 1, 0, 0, 7]",3,3,0,3,1,10
2,admission,all_pre,2,0,True,"[3, 1, 0, 0, 0, 7]",5,3,2,3,0,15
2,admission,final_post,2,0,True,"[3, 1, 0, 0, 0, 7]",4,3,1,3,1,13
2,cache,all_pre,2,0,True,"[3, 1, 0, 0, 0, 7]",5,3,2,3,0,15
2,cache,final_post,2,0,True,"[3, 1, 0, 0, 0, 7]",4,3,1,3,1,13
2,tier,all_pre,2,0,True,"[3, 1, 0, 0, 0, 7]",5,3,2,3,0,15
2,tier,final_post,2,0,True,"[3, 1, 0, 0, 0, 7]",4,3,1,3,1,13
3,admission,all_pre,1,0,True,"[3, 1, 1, 0, 0, 7]",4,3,1,3,0,12
3,admission,final_post,1,0,True,"[3, 1, 1, 0, 0, 7]",3,3,0,3,1,10
3,cache,all_pre,1,0,True,"[3, 1, 1, 0, 0, 7]",4,3,1,3,0,12
3,cache,final_post,1,0,True,"[3, 1, 1, 0, 0, 7]",3,3,0,3,1,10
3,tier,all_pre,1,0,True,"[3, 1, 1, 0, 0, 7]",4,3,1,3,0,12
3,tier,final_post,1,0,True,"[3, 1, 1, 0, 0, 7]",3,3,0,3,1,10
4,admission,all_pre,2,0,True,"[3, 1, 0, 0, 0, 7]",5,3,2,3,0,15
4,admission,final_post,2,0,True,"[3, 1, 0, 0, 0, 7]",3,3,0,3,2,11
4,cache,all_pre,2,0,True,"[3, 1, 0, 0, 0, 7]",5,3,2,3,0,15
4,cache,final_post,2,0,True,"[3, 1, 0, 0, 0, 7]",3,3,0,3,2,11
4,tier,all_pre,2,0,True,"[3, 1, 0, 0, 0, 7]",5,3,2,3,0,15
4,tier,final_post,2,0,True,"[3, 1, 0, 0, 0, 7]",3,3,0,3,2,11
5,admission,all_pre,2,0,True,"[3, 1, 0, 0, 0, 7]",5,3,2,3,0,15
5,admission,final_post,2,0,True,"[3, 1, 0, 0, 0, 7]",4,3,1,3,1,13
5,cache,all_pre,2,0,True,"[3, 1, 0, 0, 0, 7]",5,3,2,3,0,15
5,cache,final_post,2,0,True,"[3, 1, 0, 0, 0, 7]",4,3,1,3,1,13
5,tier,all_pre,2,0,True,"[3, 1, 0, 0, 0, 7]",5,3,2,3,0,15
5,tier,final_post,2,0,True,"[3, 1, 0, 0, 0, 7]",4,3,1,3,1,13
6,admission,all_pre,0,1,True,"[3, 0, 2, 1, 0, 9]",3,3,0,3,0,9
6,cache,all_pre,0,1,True,"[3, 0, 2, 1, 0, 9]",3,3,0,3,0,9
6,tier,all_pre,0,1,True,"[3, 0, 2, 1, 0, 9]",3,3,0,3,0,9
7,admission,all_pre,1,1,True,"[3, 0, 1, 1, 0, 9]",4,3,1,3,0,12
7,admission,final_post,1,1,True,"[3, 0, 1, 1, 0, 9]",3,3,0,3,1,10
7,cache,all_pre,1,1,True,"[3, 0, 1, 1, 0, 9]",4,3,1,3,0,12
7,cache,final_post,1,1,True,"[3, 0, 1, 1, 0, 9]",3,3,0,3,1,10
7,tier,all_pre,1,1,True,"[3, 0, 1, 1, 0, 9]",4,3,1,3,0,12
7,tier,final_post,1,1,True,"[3, 0, 1, 1, 0, 9]",3,3,0,3,1,10
8,admission,all_pre,2,1,True,"[3, 0, 0, 1, 0, 9]",5,3,2,3,0,15
8,admission,final_post,2,1,True,"[3, 0, 0, 1, 0, 9]",4,3,1,3,1,13
8,cache,all_pre,2,1,True,"[3, 0, 0, 1, 0, 9]",5,3,2,3,0,15
8,cache,final_post,2,1,True,"[3, 0, 0, 1, 0, 9]",4,3,1,3,1,13
8,tier,all_pre,2,1,True,"[3, 0, 0, 1, 0, 9]",5,3,2,3,0,15
8,tier,final_post,2,1,True,"[3, 0, 0, 1, 0, 9]",4,3,1,3,1,13
9,admission,all_pre,1,1,True,"[3, 0, 1, 1, 0, 9]",4,3,1,3,0,12
9,admission,final_post,1,1,True,"[3, 0, 1, 1, 0, 9]",3,3,0,3,1,10
9,cache,all_pre,1,1,True,"[3, 0, 1, 1, 0, 9]",4,3,1,3,0,12
9,cache,final_post,1,1,True,"[3, 0, 1, 1, 0, 9]",3,3,0,3,1,10
9,tier,all_pre,1,1,True,"[3, 0, 1, 1, 0, 9]",4,3,1,3,0,12
9,tier,final_post,1,1,True,"[3, 0, 1, 1, 0, 9]",3,3,0,3,1,10
10,admission,all_pre,2,1,True,"[3, 0, 0, 1, 0, 9]",5,3,2,3,0,15
10,admission,final_post,2,1,True,"[3, 0, 0, 1, 0, 9]",3,3,0,3,2,11
10,cache,all_pre,2,1,True,"[3, 0, 0, 1, 0, 9]",5,3,2,3,0,15
10,cache,final_post,2,1,True,"[3, 0, 0, 1, 0, 9]",3,3,0,3,2,11
10,tier,all_pre,2,1,True,"[3, 0, 0, 1, 0, 9]",5,3,2,3,0,15
10,tier,final_post,2,1,True,"[3, 0, 0, 1, 0, 9]",3,3,0,3,2,11
11,admission,all_pre,2,1,True,"[3, 0, 0, 1, 0, 9]",5,3,2,3,0,15
11,admission,final_post,2,1,True,"[3, 0, 0, 1, 0, 9]",4,3,1,3,1,13
11,cache,all_pre,2,1,True,"[3, 0, 0, 1, 0, 9]",5,3,2,3,0,15
11,cache,final_post,2,1,True,"[3, 0, 0, 1, 0, 9]",4,3,1,3,1,13
11,tier,all_pre,2,1,True,"[3, 0, 0, 1, 0, 9]",5,3,2,3,0,15
11,tier,final_post,2,1,True,"[3, 0, 0, 1, 0, 9]",4,3,1,3,1,13
12,admission,all_pre,1,0,True,"[3, 1, 1, 0, 0, 7]",4,3,1,3,0,12
12,admission,final_post,1,0,True,"[3, 1, 1, 0, 0, 7]",3,3,0,3,1,10
12,cache,all_pre,1,0,True,"[3, 1, 1, 0, 0, 7]",4,3,1,3,0,12
12,cache,final_post,1,0,True,"[3, 1, 1, 0, 0, 7]",3,3,0,3,1,10
12,tier,all_pre,1,0,True,"[3, 1, 1, 0, 0, 7]",4,3,1,3,0,12
12,tier,final_post,1,0,True,"[3, 1, 1, 0, 0, 7]",3,3,0,3,1,10
13,admission,all_pre,2,0,True,"[3, 1, 0, 0, 0, 7]",5,3,2,3,0,15
13,admission,final_post,2,0,True,"[3, 1, 0, 0, 0, 7]",3,3,0,3,2,11
13,cache,all_pre,2,0,True,"[3, 1, 0, 0, 0, 7]",5,3,2,3,0,15
13,cache,final_post,2,0,True,"[3, 1, 0, 0, 0, 7]",3,3,0,3,2,11
13,tier,all_pre,2,0,True,"[3, 1, 0, 0, 0, 7]",5,3,2,3,0,15
13,tier,final_post,2,0,True,"[3, 1, 0, 0, 0, 7]",3,3,0,3,2,11
14,admission,all_pre,2,0,True,"[3, 1, 0, 0, 0, 7]",5,3,2,3,0,15
14,admission,final_post,2,0,True,"[3, 1, 0, 0, 0, 7]",3,3,0,3,2,11
14,cache,all_pre,2,0,True,"[3, 1, 0, 0, 0, 7]",5,3,2,3,0,15
14,cache,final_post,2,0,True,"[3, 1, 0, 0, 0, 7]",3,3,0,3,2,11
14,tier,all_pre,2,0,True,"[3, 1, 0, 0, 0, 7]",5,3,2,3,0,15
14,tier,final_post,2,0,True,"[3, 1, 0, 0, 0, 7]",3,3,0,3,2,11
15,admission,all_pre,1,1,True,"[3, 0, 1, 1, 0, 9]",4,3,1,3,0,12
15,admission,final_post,1,1,True,"[3, 0, 1, 1, 0, 9]",3,3,0,3,1,10
15,cache,all_pre,1,1,True,"[3, 0, 1, 1, 0, 9]",4,3,1,3,0,12
15,cache,final_post,1,1,True,"[3, 0, 1, 1, 0, 9]",3,3,0,3,1,10
15,tier,all_pre,1,1,True,"[3, 0, 1, 1, 0, 9]",4,3,1,3,0,12
15,tier,final_post,1,1,True,"[3, 0, 1, 1, 0, 9]",3,3,0,3,1,10
16,admission,all_pre,2,1,True,"[3, 0, 0, 1, 0, 9]",5,3,2,3,0,15
16,admission,final_post,2,1,True,"[3, 0, 0, 1, 0, 9]",3,3,0,3,2,11
16,cache,all_pre,2,1,True,"[3, 0, 0, 1, 0, 9]",5,3,2,3,0,15
16,cache,final_post,2,1,True,"[3, 0, 0, 1, 0, 9]",3,3,0,3,2,11
16,tier,all_pre,2,1,True,"[3, 0, 0, 1, 0, 9]",5,3,2,3,0,15
16,tier,final_post,2,1,True,"[3, 0, 0, 1, 0, 9]",3,3,0,3,2,11
17,admission,all_pre,2,1,True,"[3, 0, 0, 1, 0, 9]",5,3,2,3,0,15
17,admission,final_post,2,1,True,"[3, 0, 0, 1, 0, 9]",3,3,0,3,2,11
17,cache,all_pre,2,1,True,"[3, 0, 0, 1, 0, 9]",5,3,2,3,0,15
17,cache,final_post,2,1,True,"[3, 0, 0, 1, 0, 9]",3,3,0,3,2,11
17,tier,all_pre,2,1,True,"[3, 0, 0, 1, 0, 9]",5,3,2,3,0,15
17,tier,final_post,2,1,True,"[3, 0, 0, 1, 0, 9]",3,3,0,3,2,11
18,admission,all_pre,2,0,True,"[3, 1, 0, 0, 0, 7]",5,3,2,3,0,15
18,admission,final_post,2,0,True,"[3, 1, 0, 0, 0, 7]",4,3,1,3,1,13
18,cache,all_pre,2,0,True,"[3, 1, 0, 0, 0, 7]",5,3,2,3,0,15
18,cache,final_post,2,0,True,"[3, 1, 0, 0, 0, 7]",4,3,1,3,1,13
18,tier,all_pre,2,0,True,"[3, 1, 0, 0, 0, 7]",5,3,2,3,0,15
18,tier,final_post,2,0,True,"[3, 1, 0, 0, 0, 7]",4,3,1,3,1,13
19,admission,all_pre,2,1,True,"[3, 0, 0, 1, 0, 9]",5,3,2,3,0,15
19,admission,final_post,2,1,True,"[3, 0, 0, 1, 0, 9]",4,3,1,3,1,13
19,cache,all_pre,2,1,True,"[3, 0, 0, 1, 0, 9]",5,3,2,3,0,15
19,cache,final_post,2,1,True,"[3, 0, 0, 1, 0, 9]",4,3,1,3,1,13
19,tier,all_pre,2,1,True,"[3, 0, 0, 1, 0, 9]",5,3,2,3,0,15
19,tier,final_post,2,1,True,"[3, 0, 0, 1, 0, 9]",4,3,1,3,1,13
20,admission,all_pre,0,1,True,"[3, 0, 2, 0, 0, 6]",3,3,0,3,0,9
20,cache,all_pre,0,1,True,"[3, 0, 2, 0, 0, 6]",3,3,0,3,0,9
20,tier,all_pre,0,1,True,"[3, 0, 2, 0, 0, 6]",3,3,0,3,0,9
21,admission,all_pre,1,1,True,"[3, 0, 1, 0, 0, 6]",4,3,1,3,0,12
21,admission,final_post,1,1,True,"[3, 0, 1, 0, 0, 6]",3,3,0,3,1,10
21,cache,all_pre,1,1,True,"[3, 0, 1, 0, 0, 6]",4,3,1,3,0,12
21,cache,final_post,1,1,True,"[3, 0, 1, 0, 0, 6]",3,3,0,3,1,10
21,tier,all_pre,1,1,True,"[3, 0, 1, 0, 0, 6]",4,3,1,3,0,12
21,tier,final_post,1,1,True,"[3, 0, 1, 0, 0, 6]",3,3,0,3,1,10
22,admission,all_pre,2,1,True,"[3, 0, 0, 0, 0, 6]",5,3,2,3,0,15
22,admission,final_post,2,1,True,"[3, 0, 0, 0, 0, 6]",4,3,1,3,1,13
22,cache,all_pre,2,1,True,"[3, 0, 0, 0, 0, 6]",5,3,2,3,0,15
22,cache,final_post,2,1,True,"[3, 0, 0, 0, 0, 6]",4,3,1,3,1,13
22,tier,all_pre,2,1,True,"[3, 0, 0, 0, 0, 6]",5,3,2,3,0,15
22,tier,final_post,2,1,True,"[3, 0, 0, 0, 0, 6]",4,3,1,3,1,13
23,admission,all_pre,1,1,True,"[3, 0, 1, 0, 0, 6]",4,3,1,3,0,12
23,admission,final_post,1,1,True,"[3, 0, 1, 0, 0, 6]",3,3,0,3,1,10
23,cache,all_pre,1,1,True,"[3, 0, 1, 0, 0, 6]",4,3,1,3,0,12
23,cache,final_post,1,1,True,"[3, 0, 1, 0, 0, 6]",3,3,0,3,1,10
23,tier,all_pre,1,1,True,"[3, 0, 1, 0, 0, 6]",4,3,1,3,0,12
23,tier,final_post,1,1,True,"[3, 0, 1, 0, 0, 6]",3,3,0,3,1,10
24,admission,all_pre,2,1,True,"[3, 0, 0, 0, 0, 6]",5,3,2,3,0,15
24,admission,final_post,2,1,True,"[3, 0, 0, 0, 0, 6]",3,3,0,3,2,11
24,cache,all_pre,2,1,True,"[3, 0, 0, 0, 0, 6]",5,3,2,3,0,15
24,cache,final_post,2,1,True,"[3, 0, 0, 0, 0, 6]",3,3,0,3,2,11
24,tier,all_pre,2,1,True,"[3, 0, 0, 0, 0, 6]",5,3,2,3,0,15
24,tier,final_post,2,1,True,"[3, 0, 0, 0, 0, 6]",3,3,0,3,2,11
25,admission,all_pre,2,1,True,"[3, 0, 0, 0, 0, 6]",5,3,2,3,0,15
25,admission,final_post,2,1,True,"[3, 0, 0, 0, 0, 6]",4,3,1,3,1,13
25,cache,all_pre,2,1,True,"[3, 0, 0, 0, 0, 6]",5,3,2,3,0,15
25,cache,final_post,2,1,True,"[3, 0, 0, 0, 0, 6]",4,3,1,3,1,13
25,tier,all_pre,2,1,True,"[3, 0, 0, 0, 0, 6]",5,3,2,3,0,15
25,tier,final_post,2,1,True,"[3, 0, 0, 0, 0, 6]",4,3,1,3,1,13
26,admission,all_pre,1,1,True,"[3, 0, 1, 0, 0, 6]",4,3,1,3,0,12
26,admission,final_post,1,1,True,"[3, 0, 1, 0, 0, 6]",3,3,0,3,1,10
26,cache,all_pre,1,1,True,"[3, 0, 1, 0, 0, 6]",4,3,1,3,0,12
26,cache,final_post,1,1,True,"[3, 0, 1, 0, 0, 6]",3,3,0,3,1,10
26,tier,all_pre,1,1,True,"[3, 0, 1, 0, 0, 6]",4,3,1,3,0,12
26,tier,final_post,1,1,True,"[3, 0, 1, 0, 0, 6]",3,3,0,3,1,10
27,admission,all_pre,2,1,True,"[3, 0, 0, 0, 0, 6]",5,3,2,3,0,15
27,admission,final_post,2,1,True,"[3, 0, 0, 0, 0, 6]",3,3,0,3,2,11
27,cache,all_pre,2,1,True,"[3, 0, 0, 0, 0, 6]",5,3,2,3,0,15
27,cache,final_post,2,1,True,"[3, 0, 0, 0, 0, 6]",3,3,0,3,2,11
27,tier,all_pre,2,1,True,"[3, 0, 0, 0, 0, 6]",5,3,2,3,0,15
27,tier,final_post,2,1,True,"[3, 0, 0, 0, 0, 6]",3,3,0,3,2,11
28,admission,all_pre,2,1,True,"[3, 0, 0, 0, 0, 6]",5,3,2,3,0,15
28,admission,final_post,2,1,True,"[3, 0, 0, 0, 0, 6]",3,3,0,3,2,11
28,cache,all_pre,2,1,True,"[3, 0, 0, 0, 0, 6]",5,3,2,3,0,15
28,cache,final_post,2,1,True,"[3, 0, 0, 0, 0, 6]",3,3,0,3,2,11
28,tier,all_pre,2,1,True,"[3, 0, 0, 0, 0, 6]",5,3,2,3,0,15
28,tier,final_post,2,1,True,"[3, 0, 0, 0, 0, 6]",3,3,0,3,2,11
29,admission,all_pre,2,1,True,"[3, 0, 0, 0, 0, 6]",5,3,2,3,0,15
29,admission,final_post,2,1,True,"[3, 0, 0, 0, 0, 6]",4,3,1,3,1,13
29,cache,all_pre,2,1,True,"[3, 0, 0, 0, 0, 6]",5,3,2,3,0,15
29,cache,final_post,2,1,True,"[3, 0, 0, 0, 0, 6]",4,3,1,3,1,13
29,tier,all_pre,2,1,True,"[3, 0, 0, 0, 0, 6]",5,3,2,3,0,15
29,tier,final_post,2,1,True,"[3, 0, 0, 0, 0, 6]",4,3,1,3,1,13
