adapter,kind,rep,passed,effects,errors,terminal
admission,duplicate_execute,0,True,1,0,done
admission,execute_close,0,True,0,0,canceled
admission,conflicting_reuse,0,True,1,1,done
admission,duplicate_execute,1,True,1,0,done
admission,execute_close,1,True,0,0,canceled
admission,conflicting_reuse,1,True,1,1,done
admission,duplicate_execute,2,True,1,0,done
admission,execute_close,2,True,0,0,canceled
admission,conflicting_reuse,2,True,1,1,done
admission,duplicate_execute,3,True,1,0,done
admission,execute_close,3,True,0,0,canceled
admission,conflicting_reuse,3,True,1,1,done
admission,duplicate_execute,4,True,1,0,done
admission,execute_close,4,True,0,0,canceled
admission,conflicting_reuse,4,True,1,1,done
admission,duplicate_execute,5,True,1,0,done
admission,execute_close,5,True,0,0,canceled
admission,conflicting_reuse,5,True,1,1,done
admission,duplicate_execute,6,True,1,0,done
admission,execute_close,6,True,1,0,done
admission,conflicting_reuse,6,True,1,1,done
admission,duplicate_execute,7,True,1,0,done
admission,execute_close,7,True,0,0,canceled
admission,conflicting_reuse,7,True,1,1,done
admission,duplicate_execute,8,True,1,0,done
admission,execute_close,8,True,1,0,done
admission,conflicting_reuse,8,True,1,1,done
admission,duplicate_execute,9,True,1,0,done
admission,execute_close,9,True,0,0,canceled
admission,conflicting_reuse,9,True,1,1,done
admission,duplicate_execute,10,True,1,0,done
admission,execute_close,10,True,0,0,canceled
admission,conflicting_reuse,10,True,1,1,done
admission,duplicate_execute,11,True,1,0,done
admission,execute_close,11,True,0,0,canceled
admission,conflicting_reuse,11,True,1,1,done
admission,duplicate_execute,12,True,1,0,done
admission,execute_close,12,True,0,0,canceled
admission,conflicting_reuse,12,True,1,1,done
admission,duplicate_execute,13,True,1,0,done
admission,execute_close,13,True,1,0,done
admission,conflicting_reuse,13,True,1,1,done
admission,duplicate_execute,14,True,1,0,done
admission,execute_close,14,True,0,0,canceled
admission,conflicting_reuse,14,True,1,1,done
admission,duplicate_execute,15,True,1,0,done
admission,execute_close,15,True,0,0,canceled
admission,conflicting_reuse,15,True,1,1,done
admission,duplicate_execute,16,True,1,0,done
admission,execute_close,16,True,0,0,canceled
admission,conflicting_reuse,16,True,1,1,done
admission,duplicate_execute,17,True,1,0,done
admission,execute_close,17,True,0,0,canceled
admission,conflicting_reuse,17,True,1,1,done
admission,duplicate_execute,18,True,1,0,done
admission,execute_close,18,True,1,0,done
admission,conflicting_reuse,18,True,1,1,done
admission,duplicate_execute,19,True,1,0,done
admission,execute_close,19,True,0,0,canceled
admission,conflicting_reuse,19,True,1,1,done
admission,duplicate_execute,20,True,1,0,done
admission,execute_close,20,True,0,0,canceled
admission,conflicting_reuse,20,True,1,1,done
admission,duplicate_execute,21,True,1,0,done
admission,execute_close,21,True,0,0,canceled
admission,conflicting_reuse,21,True,1,1,done
admission,duplicate_execute,22,True,1,0,done
admission,execute_close,22,True,1,0,done
admission,conflicting_reuse,22,True,1,1,done
admission,duplicate_execute,23,True,1,0,done
admission,execute_close,23,True,0,0,canceled
admission,conflicting_reuse,23,True,1,1,done
admission,duplicate_execute,24,True,1,0,done
admission,execute_close,24,True,0,0,canceled
admission,conflicting_reuse,24,True,1,1,done
admission,duplicate_execute,25,True,1,0,done
admission,execute_close,25,True,0,0,canceled
admission,conflicting_reuse,25,True,1,1,done
admission,duplicate_execute,26,True,1,0,done
admission,execute_close,26,True,1,0,done
admission,conflicting_reuse,26,True,1,1,done
admission,duplicate_execute,27,True,1,0,done
admission,execute_close,27,True,0,0,canceled
admission,conflicting_reuse,27,True,1,1,done
admission,duplicate_execute,28,True,1,0,done
admission,execute_close,28,True,0,0,canceled
admission,conflicting_reuse,28,True,1,1,done
admission,duplicate_execute,29,True,1,0,done
admission,execute_close,29,True,0,0,canceled
admission,conflicting_reuse,29,True,1,1,done
cache,duplicate_execute,0,True,1,0,done
cache,execute_close,0,True,1,0,done
cache,conflicting_reuse,0,True,1,1,done
cache,duplicate_execute,1,True,1,0,done
cache,execute_close,1,True,0,0,canceled
cache,conflicting_reuse,1,True,1,1,done
cache,duplicate_execute,2,True,1,0,done
cache,execute_close,2,True,0,0,canceled
cache,conflicting_reuse,2,True,1,1,done
cache,duplicate_execute,3,True,1,0,done
cache,execute_close,3,True,0,0,canceled
cache,conflicting_reuse,3,True,1,1,done
cache,duplicate_execute,4,True,1,0,done
cache,execute_close,4,True,0,0,canceled
cache,conflicting_reuse,4,True,1,1,done
cache,duplicate_execute,5,True,1,0,done
cache,execute_close,5,True,0,0,canceled
cache,conflicting_reuse,5,True,1,1,done
cache,duplicate_execute,6,True,1,0,done
cache,execute_close,6,True,0,0,canceled
cache,conflicting_reuse,6,True,1,1,done
cache,duplicate_execute,7,True,1,0,done
cache,execute_close,7,True,0,0,canceled
cache,conflicting_reuse,7,True,1,1,done
cache,duplicate_execute,8,True,1,0,done
cache,execute_close,8,True,0,0,canceled
cache,conflicting_reuse,8,True,1,1,done
cache,duplicate_execute,9,True,1,0,done
cache,execute_close,9,True,0,0,canceled
cache,conflicting_reuse,9,True,1,1,done
cache,duplicate_execute,10,True,1,0,done
cache,execute_close,10,True,0,0,canceled
cache,conflicting_reuse,10,True,1,1,done
cache,duplicate_execute,11,True,1,0,done
cache,execute_close,11,True,1,0,done
cache,conflicting_reuse,11,True,1,1,done
cache,duplicate_execute,12,True,1,0,done
cache,execute_close,12,True,0,0,canceled
cache,conflicting_reuse,12,True,1,1,done
cache,duplicate_execute,13,True,1,0,done
cache,execute_close,13,True,0,0,canceled
cache,conflicting_reuse,13,True,1,1,done
cache,duplicate_execute,14,True,1,0,done
cache,execute_close,14,True,0,0,canceled
cache,conflicting_reuse,14,True,1,1,done
cache,duplicate_execute,15,True,1,0,done
cache,execute_close,15,True,0,0,canceled
cache,conflicting_reuse,15,True,1,1,done
cache,duplicate_execute,16,True,1,0,done
cache,execute_close,16,True,0,0,canceled
cache,conflicting_reuse,16,True,1,1,done
cache,duplicate_execute,17,True,1,0,done
cache,execute_close,17,True,1,0,done
cache,conflicting_reuse,17,True,1,1,done
cache,duplicate_execute,18,True,1,0,done
cache,execute_close,18,True,0,0,canceled
cache,conflicting_reuse,18,True,1,1,done
cache,duplicate_execute,19,True,1,0,done
cache,execute_close,19,True,0,0,canceled
cache,conflicting_reuse,19,True,1,1,done
cache,duplicate_execute,20,True,1,0,done
cache,execute_close,20,True,0,0,canceled
cache,conflicting_reuse,20,True,1,1,done
cache,duplicate_execute,21,True,1,0,done
cache,execute_close,21,True,0,0,canceled
cache,conflicting_reuse,21,True,1,1,done
cache,duplicate_execute,22,True,1,0,done
cache,execute_close,22,True,0,0,canceled
cache,conflicting_reuse,22,True,1,1,done
cache,duplicate_execute,23,True,1,0,done
cache,execute_close,23,True,0,0,canceled
cache,conflicting_reuse,23,True,1,1,done
cache,duplicate_execute,24,True,1,0,done
cache,execute_close,24,True,0,0,canceled
cache,conflicting_reuse,24,True,1,1,done
cache,duplicate_execute,25,True,1,0,done
cache,execute_close,25,True,0,0,canceled
cache,conflicting_reuse,25,True,1,1,done
cache,duplicate_execute,26,True,1,0,done
cache,execute_close,26,True,0,0,canceled
cache,conflicting_reuse,26,True,1,1,done
cache,duplicate_execute,27,True,1,0,done
cache,execute_close,27,True,0,0,canceled
cache,conflicting_reuse,27,True,1,1,done
cache,duplicate_execute,28,True,1,0,done
cache,execute_close,28,True,0,0,canceled
cache,conflicting_reuse,28,True,1,1,done
cache,duplicate_execute,29,True,1,0,done
cache,execute_close,29,True,0,0,canceled
cache,conflicting_reuse,29,True,1,1,done
tier,duplicate_execute,0,True,1,0,done
tier,execute_close,0,True,0,0,canceled
tier,conflicting_reuse,0,True,1,1,done
tier,duplicate_execute,1,True,1,0,done
tier,execute_close,1,True,0,0,canceled
tier,conflicting_reuse,1,True,1,1,done
tier,duplicate_execute,2,True,1,0,done
tier,execute_close,2,True,0,0,canceled
tier,conflicting_reuse,2,True,1,1,done
tier,duplicate_execute,3,True,1,0,done
tier,execute_close,3,True,0,0,canceled
tier,conflicting_reuse,3,True,1,1,done
tier,duplicate_execute,4,True,1,0,done
tier,execute_close,4,True,0,0,canceled
tier,conflicting_reuse,4,True,1,1,done
tier,duplicate_execute,5,True,1,0,done
tier,execute_close,5,True,0,0,canceled
tier,conflicting_reuse,5,True,1,1,done
tier,duplicate_execute,6,True,1,0,done
tier,execute_close,6,True,0,0,canceled
tier,conflicting_reuse,6,True,1,1,done
tier,duplicate_execute,7,True,1,0,done
tier,execute_close,7,True,0,0,canceled
tier,conflicting_reuse,7,True,1,1,done
tier,duplicate_execute,8,True,1,0,done
tier,execute_close,8,True,0,0,canceled
tier,conflicting_reuse,8,True,1,1,done
tier,duplicate_execute,9,True,1,0,done
tier,execute_close,9,True,0,0,canceled
tier,conflicting_reuse,9,True,1,1,done
tier,duplicate_execute,10,True,1,0,done
tier,execute_close,10,True,0,0,canceled
tier,conflicting_reuse,10,True,1,1,done
tier,duplicate_execute,11,True,1,0,done
tier,execute_close,11,True,0,0,canceled
tier,conflicting_reuse,11,True,1,1,done
tier,duplicate_execute,12,True,1,0,done
tier,execute_close,12,True,0,0,canceled
tier,conflicting_reuse,12,True,1,1,done
tier,duplicate_execute,13,True,1,0,done
tier,execute_close,13,True,0,0,canceled
tier,conflicting_reuse,13,True,1,1,done
tier,duplicate_execute,14,True,1,0,done
tier,execute_close,14,True,0,0,canceled
tier,conflicting_reuse,14,True,1,1,done
tier,duplicate_execute,15,True,1,0,done
tier,execute_close,15,True,0,0,canceled
tier,conflicting_reuse,15,True,1,1,done
tier,duplicate_execute,16,True,1,0,done
tier,execute_close,16,True,0,0,canceled
tier,conflicting_reuse,16,True,1,1,done
tier,duplicate_execute,17,True,1,0,done
tier,execute_close,17,True,0,0,canceled
tier,conflicting_reuse,17,True,1,1,done
tier,duplicate_execute,18,True,1,0,done
tier,execute_close,18,True,0,0,canceled
tier,conflicting_reuse,18,True,1,1,done
tier,duplicate_execute,19,True,1,0,done
tier,execute_close,19,True,0,0,canceled
tier,conflicting_reuse,19,True,1,1,done
tier,duplicate_execute,20,True,1,0,done
tier,execute_close,20,True,0,0,canceled
tier,conflicting_reuse,20,True,1,1,done
tier,duplicate_execute,21,True,1,0,done
tier,execute_close,21,True,0,0,canceled
tier,conflicting_reuse,21,True,1,1,done
tier,duplicate_execute,22,True,1,0,done
tier,execute_close,22,True,0,0,canceled
tier,conflicting_reuse,22,True,1,1,done
tier,duplicate_execute,23,True,1,0,done
tier,execute_close,23,True,0,0,canceled
tier,conflicting_reuse,23,True,1,1,done
tier,duplicate_execute,24,True,1,0,done
tier,execute_close,24,True,0,0,canceled
tier,conflicting_reuse,24,True,1,1,done
tier,duplicate_execute,25,True,1,0,done
tier,execute_close,25,True,0,0,canceled
tier,conflicting_reuse,25,True,1,1,done
tier,duplicate_execute,26,True,1,0,done
tier,execute_close,26,True,0,0,canceled
tier,conflicting_reuse,26,True,1,1,done
tier,duplicate_execute,27,True,1,0,done
tier,execute_close,27,True,0,0,canceled
tier,conflicting_reuse,27,True,1,1,done
tier,duplicate_execute,28,True,1,0,done
tier,execute_close,28,True,0,0,canceled
tier,conflicting_reuse,28,True,1,1,done
tier,duplicate_execute,29,True,1,0,done
tier,execute_close,29,True,0,0,canceled
tier,conflicting_reuse,29,True,1,1,done
