rep,position,method,microseconds
0,0,direct,407.754
0,1,direct,321.508
0,2,direct,359.922
0,3,direct,297.268
0,4,direct,304.82
0,5,direct,322.175
0,6,direct,334.594
0,7,direct,297.108
0,8,direct,290.158
0,9,direct,382.497
0,10,direct,325.05
0,11,direct,393.353
0,12,direct,328.876
0,13,direct,450.82
0,14,direct,3986.867
0,15,direct,378.239
0,16,direct,413.112
0,17,direct,343.488
0,18,direct,385.551
0,19,direct,335.565
0,20,direct,371.439
0,21,direct,313.853
0,22,direct,350.949
0,23,direct,337.108
0,24,direct,365.1
0,25,direct,334.454
0,26,direct,350.078
0,27,direct,363.738
0,28,direct,371.84
0,29,direct,4197.194
0,30,direct,1011.524
0,31,direct,395.656
0,32,direct,356.978
0,33,direct,381.906
0,34,direct,331.26
0,35,direct,384.159
0,36,direct,359.091
0,37,direct,373.523
0,38,direct,307.803
0,39,direct,361.775
0,40,direct,306.893
0,41,direct,334.174
0,42,direct,342.577
0,43,direct,4697.508
0,44,direct,686.284
0,45,direct,675.347
0,46,direct,352.752
0,47,direct,384.49
0,48,direct,351.279
0,49,direct,387.754
0,50,direct,320.453
0,51,direct,391.019
0,52,direct,359.261
0,53,direct,427.584
0,54,direct,349.446
0,55,direct,386.081
0,56,direct,364.369
0,57,direct,391.229
0,58,direct,344.789
0,59,direct,3721.978
0,60,direct,1152.417
0,61,direct,306.338
0,62,direct,288.775
0,63,direct,340.002
0,64,direct,291.709
0,65,direct,307.704
0,66,direct,303.938
0,67,direct,321.284
0,68,direct,331.009
0,69,direct,298.96
0,70,direct,305.33
0,71,direct,314.214
0,72,direct,306.972
0,73,direct,301.093
0,74,direct,320.132
0,75,direct,314.413
0,76,direct,322.275
0,77,direct,316.087
0,78,direct,350.779
0,79,direct,297.178
0,80,direct,305.87
0,81,direct,2467.718
0,82,direct,312.36
0,83,direct,753.195
0,84,direct,316.928
0,85,direct,306.191
0,86,direct,315.295
0,87,direct,304.158
0,88,direct,289.707
0,89,direct,308.846
0,90,direct,306.302
0,91,direct,309.646
0,92,direct,309.106
0,93,direct,323.808
0,94,direct,304.579
0,95,direct,310.257
0,96,direct,324.318
0,97,direct,336.086
0,98,direct,302.766
0,99,direct,301.705
0,100,direct,300.874
0,101,direct,311.61
0,102,direct,296.867
0,103,direct,307.133
0,104,direct,2683.223
0,105,direct,1280.249
0,106,direct,339.963
0,107,direct,317.188
0,108,direct,309.226
0,109,direct,301.624
0,110,direct,310.437
0,111,direct,285.049
0,112,direct,310.217
0,113,direct,316.607
0,114,direct,274.744
0,115,direct,309.316
0,116,direct,331.74
0,117,direct,319.441
0,118,direct,320.003
0,119,direct,335.656
0,120,direct,296.347
0,121,direct,768.232
0,122,direct,247.864
0,123,direct,143.056
0,124,direct,145.159
0,125,direct,2518.254
0,126,direct,135.354
0,127,direct,145.249
0,128,direct,649.348
0,129,direct,161.143
0,130,direct,125.429
0,131,direct,145.069
0,132,direct,161.193
0,133,direct,144.879
0,134,direct,160.432
0,135,direct,132.82
0,136,direct,141.524
0,137,direct,142.645
0,138,direct,157.287
0,139,direct,151.489
0,140,direct,153.011
0,141,direct,140.442
0,142,direct,191.849
0,143,direct,145.429
0,144,direct,129.825
0,145,direct,143.325
0,146,direct,145.93
0,147,direct,145.77
0,148,direct,138.218
0,149,direct,155.454
0,150,direct,133.712
0,151,direct,147.883
0,152,direct,147.382
0,153,direct,146.631
0,154,direct,143.476
0,155,direct,147.913
0,156,direct,154.984
0,157,direct,144.768
0,158,direct,146.741
0,159,direct,149.635
0,160,direct,154.613
0,161,direct,151.168
0,162,direct,142.365
0,163,direct,3983.893
0,164,direct,175.655
0,165,direct,736.59
0,166,direct,1020.147
0,167,direct,151.068
0,168,direct,148.895
0,169,direct,147.212
0,170,direct,161.313
0,171,direct,147.913
0,172,direct,149.405
0,173,direct,157.537
0,174,direct,156.836
0,175,direct,150.497
0,176,direct,148.714
0,177,direct,168.143
0,178,direct,149.926
0,179,direct,146.28
0,180,direct,150.367
0,181,direct,147.252
0,182,direct,146.731
0,183,direct,152.349
0,184,direct,171.028
0,185,direct,130.808
0,186,direct,134.422
0,187,direct,145.479
0,188,direct,144.828
0,189,direct,140.591
0,190,direct,132.569
0,191,direct,136.505
0,192,direct,156.846
0,193,direct,140.422
0,194,direct,156.536
0,195,direct,164.498
0,196,direct,166.941
0,197,direct,164.719
0,198,direct,148.734
0,199,direct,134.543
0,200,direct,3051.258
0,201,direct,179.481
0,202,direct,721.517
0,203,direct,493.093
0,204,direct,128.784
0,205,direct,155.144
0,206,direct,145.91
0,207,direct,150.477
0,208,direct,157.177
0,209,direct,139.941
0,210,direct,151.489
0,211,direct,151.198
0,212,direct,142.325
0,213,direct,147.502
0,214,direct,139.891
0,215,direct,151.378
0,216,direct,158.709
0,217,direct,142.675
0,218,direct,149.255
0,219,direct,159.84
0,220,direct,171.548
0,221,direct,150.357
0,222,direct,144.107
0,223,direct,168.994
0,224,direct,137.697
0,225,direct,147.413
0,226,direct,153.742
0,227,direct,157.437
0,228,direct,150.116
0,229,direct,161.163
0,230,direct,158.158
0,231,direct,153.722
0,232,direct,157.337
0,233,direct,149.586
0,234,direct,154.933
0,235,direct,156.946
0,236,direct,157.658
0,237,direct,3541.627
0,238,direct,154.242
0,239,direct,160.642
0,240,direct,583.93
0,241,direct,455.837
0,242,direct,175.074
0,243,direct,140.652
0,244,direct,177.968
0,245,direct,839.625
0,246,direct,265.58
0,247,direct,147.792
0,248,direct,139.72
0,249,direct,140.772
0,250,direct,139.881
0,251,direct,142.435
0,252,direct,134.623
0,253,direct,146.761
0,254,direct,134.192
0,255,direct,132.66
0,0,contract,1790.168
0,1,contract,1503.652
0,2,contract,1357.896
0,3,contract,1454.602
0,4,contract,4351.316
0,5,contract,1507.241
0,6,contract,1430.465
0,7,contract,1493.771
0,8,contract,1443.865
0,9,contract,3924.453
0,10,contract,1605.85
0,11,contract,1538.828
0,12,contract,1525.649
0,13,contract,4692.431
0,14,contract,1631.913
0,15,contract,1602.254
0,16,contract,1457.346
0,17,contract,1613.411
0,18,contract,4122.822
0,19,contract,1420.851
0,20,contract,1537.643
0,21,contract,1437.046
0,22,contract,3689.269
0,23,contract,2421.659
0,24,contract,1509.585
0,25,contract,1502.935
0,26,contract,1473.961
0,27,contract,4572.41
0,28,contract,1466.119
0,29,contract,1787.994
0,30,contract,1518.297
0,31,contract,5142.198
0,32,contract,1448.453
0,33,contract,1548.253
0,34,contract,1537.827
0,35,contract,5066.564
0,36,contract,1575.173
0,37,contract,2715.752
0,38,contract,1676.045
0,39,contract,1834.895
0,40,contract,2605.086
0,41,contract,3161.193
0,42,contract,1499.28
0,43,contract,1478.978
0,44,contract,1461.361
0,45,contract,3268.915
0,46,contract,2988.083
0,47,contract,3596.589
0,48,contract,3226.992
0,49,contract,3167.342
0,50,contract,3489.618
0,51,contract,3030.847
0,52,contract,1494.752
0,53,contract,2337.783
0,54,contract,1456.455
0,55,contract,2399.696
0,56,contract,1902.317
0,57,contract,1501.563
0,58,contract,1430.195
0,59,contract,1652.84
0,60,contract,4532.539
0,61,contract,4239.458
0,62,contract,3852.124
0,63,contract,4868.315
0,64,contract,1650.346
0,65,contract,2267.226
0,66,contract,3213.272
0,67,contract,2065.302
0,68,contract,1875.646
0,69,contract,1857.889
0,70,contract,1861.746
0,71,contract,2405.484
0,72,contract,2304.091
0,73,contract,1892.581
0,74,contract,1966.122
0,75,contract,2076.739
0,76,contract,2264.823
0,77,contract,1341.722
0,78,contract,984.944
0,79,contract,792.474
0,80,contract,881.067
0,81,contract,846.426
0,82,contract,927.568
0,83,contract,906.636
0,84,contract,1671.629
0,85,contract,1379.368
0,86,contract,938.054
0,87,contract,857.282
0,88,contract,998.795
0,89,contract,867.207
0,90,contract,848.819
0,91,contract,884.403
0,92,contract,872.585
0,93,contract,2608.961
0,94,contract,902.69
0,95,contract,893.536
0,96,contract,907.287
0,97,contract,955.5
0,98,contract,880.958
0,99,contract,926.396
0,100,contract,895.048
0,101,contract,2663.864
0,102,contract,1704.799
0,103,contract,884.923
0,104,contract,933.317
0,105,contract,878.404
0,106,contract,936.972
0,107,contract,826.185
0,108,contract,934.658
0,109,contract,806.866
0,110,contract,3621.537
0,111,contract,873.516
0,112,contract,977.813
0,113,contract,858.213
0,114,contract,952.375
0,115,contract,866.476
0,116,contract,947.407
0,117,contract,970.903
0,118,contract,2789.954
0,119,contract,979.196
0,120,contract,945.875
0,121,contract,1424.541
0,122,contract,849.671
0,123,contract,592.062
0,124,contract,588.747
0,125,contract,645.964
0,126,contract,595.648
0,127,contract,2732.007
0,128,contract,1296.253
0,129,contract,856.731
0,130,contract,625.252
0,131,contract,598.031
0,132,contract,660.816
0,133,contract,672.804
0,134,contract,621.997
0,135,contract,672.444
0,136,contract,601.797
0,137,contract,662.367
0,138,contract,2824.966
0,139,contract,644.951
0,140,contract,609.278
0,141,contract,680.776
0,142,contract,605.452
0,143,contract,629.138
0,144,contract,567.765
0,145,contract,599.073
0,146,contract,597.761
0,147,contract,635.308
0,148,contract,648.017
0,149,contract,626.765
0,150,contract,2754.1
0,151,contract,754.227
0,152,contract,1048.38
0,153,contract,609.609
0,154,contract,687.456
0,155,contract,618.602
0,156,contract,619.294
0,157,contract,593.614
0,158,contract,579.764
0,159,contract,626.093
0,160,contract,615.768
0,161,contract,607.686
0,162,contract,2397.913
0,163,contract,628.457
0,164,contract,811.713
0,165,contract,645.753
0,166,contract,611.662
0,167,contract,595.468
0,168,contract,593.164
0,169,contract,589.398
0,170,contract,553.063
0,171,contract,605.432
0,172,contract,615.518
0,173,contract,630.71
0,174,contract,662.969
0,175,contract,2883.384
0,176,contract,710.46
0,177,contract,656.89
0,178,contract,574.115
0,179,contract,558.041
0,180,contract,572.332
0,181,contract,596.519
0,182,contract,544.65
0,183,contract,587.605
0,184,contract,575.106
0,185,contract,580.034
0,186,contract,575.257
0,187,contract,3093.101
0,188,contract,730.822
0,189,contract,619.904
0,190,contract,590.21
0,191,contract,588.186
0,192,contract,579.553
0,193,contract,600.515
0,194,contract,1168.14
0,195,contract,597.491
0,196,contract,563.81
0,197,contract,585.673
0,198,contract,3129.325
0,199,contract,662.708
0,200,contract,801.587
0,201,contract,613.124
0,202,contract,642.879
0,203,contract,594.736
0,204,contract,607.556
0,205,contract,639.804
0,206,contract,640.114
0,207,contract,613.965
0,208,contract,621.196
0,209,contract,618.161
0,210,contract,615.387
0,211,contract,2612.466
0,212,contract,786.044
0,213,contract,605.262
0,214,contract,651.251
0,215,contract,584.691
0,216,contract,652.884
0,217,contract,576.018
0,218,contract,591.02
0,219,contract,549.808
0,220,contract,588.226
0,221,contract,582.899
0,222,contract,597.18
0,223,contract,2816.003
0,224,contract,573.013
0,225,contract,877.272
0,226,contract,593.654
0,227,contract,634.125
0,228,contract,616.038
0,229,contract,587.835
0,230,contract,586.073
0,231,contract,557.921
0,232,contract,550.589
0,233,contract,623.249
0,234,contract,700.396
0,235,contract,3024.007
0,236,contract,639.624
0,237,contract,779.444
0,238,contract,642.598
0,239,contract,585.212
0,240,contract,558.141
0,241,contract,565.111
0,242,contract,1121.95
0,243,contract,723.269
0,244,contract,585.753
0,245,contract,653.224
0,246,contract,3334.234
0,247,contract,651.752
0,248,contract,601.536
0,249,contract,539.122
0,250,contract,639.854
0,251,contract,595.257
0,252,contract,590.469
0,253,contract,594.716
0,254,contract,561.046
0,255,contract,582.548
1,0,contract,1593.931
1,1,contract,1371.206
1,2,contract,1273.169
1,3,contract,1176.223
1,4,contract,1209.322
1,5,contract,1212.026
1,6,contract,1203.934
1,7,contract,1217.604
1,8,contract,1388.632
1,9,contract,3525.041
1,10,contract,1416.996
1,11,contract,1438.437
1,12,contract,1411.807
1,13,contract,1355.753
1,14,contract,3212.931
1,15,contract,1586.12
1,16,contract,1313.649
1,17,contract,1352.588
1,18,contract,1279.949
1,19,contract,4393.28
1,20,contract,1513.024
1,21,contract,1302.402
1,22,contract,1274.941
1,23,contract,1304.876
1,24,contract,4464.747
1,25,contract,1557.847
1,26,contract,1367.361
1,27,contract,1297.595
1,28,contract,1274.641
1,29,contract,4331.637
1,30,contract,1298.927
1,31,contract,1310.414
1,32,contract,1347.24
1,33,contract,1304.095
1,34,contract,1334.12
1,35,contract,4142.152
1,36,contract,1299.097
1,37,contract,1269.043
1,38,contract,1345.267
1,39,contract,1544.076
1,40,contract,4301.411
1,41,contract,1422.443
1,42,contract,1268.912
1,43,contract,1331.797
1,44,contract,1437.627
1,45,contract,4006.287
1,46,contract,1582.194
1,47,contract,1395.062
1,48,contract,1534.822
1,49,contract,1535.754
1,50,contract,1490.536
1,51,contract,3859.665
1,52,contract,1475.313
1,53,contract,1459.71
1,54,contract,1437.266
1,55,contract,1402.102
1,56,contract,3797.162
1,57,contract,1457.746
1,58,contract,1398.697
1,59,contract,1406.149
1,60,contract,1451.818
1,61,contract,4406.375
1,62,contract,1562.144
1,63,contract,1801.989
1,64,contract,844.232
1,65,contract,779.354
1,66,contract,3847.557
1,67,contract,1214.65
1,68,contract,980.358
1,69,contract,900.967
1,70,contract,827.777
1,71,contract,743.511
1,72,contract,836.56
1,73,contract,758.774
1,74,contract,3509.007
1,75,contract,1139.026
1,76,contract,849.981
1,77,contract,766.675
1,78,contract,786.034
1,79,contract,771.422
1,80,contract,865.013
1,81,contract,730.942
1,82,contract,750.961
1,83,contract,3411.721
1,84,contract,1552.789
1,85,contract,858.354
1,86,contract,764.762
1,87,contract,852.865
1,88,contract,767.136
1,89,contract,814.988
1,90,contract,758.212
1,91,contract,3603.66
1,92,contract,870.582
1,93,contract,1009.137
1,94,contract,945.335
1,95,contract,916.902
1,96,contract,842.359
1,97,contract,935.009
1,98,contract,830.702
1,99,contract,970.412
1,100,contract,2925.839
1,101,contract,945.845
1,102,contract,873.085
1,103,contract,842.619
1,104,contract,792.073
1,105,contract,797.462
1,106,contract,765.493
1,107,contract,929.38
1,108,contract,831.874
1,109,contract,3322.996
1,110,contract,870.181
1,111,contract,879.496
1,112,contract,808.449
1,113,contract,870.061
1,114,contract,772.454
1,115,contract,827.848
1,116,contract,839.926
1,117,contract,874.287
1,118,contract,2968.103
1,119,contract,938.815
1,120,contract,755.548
1,121,contract,1210.108
1,122,contract,720.346
1,123,contract,1041.108
1,124,contract,593.674
1,125,contract,652.944
1,126,contract,610.56
1,127,contract,2730.714
1,128,contract,1056.742
1,129,contract,759.464
1,130,contract,611.491
1,131,contract,636.629
1,132,contract,603.95
1,133,contract,599.523
1,134,contract,598.802
1,135,contract,604.761
1,136,contract,599.914
1,137,contract,558.551
1,138,contract,568.306
1,139,contract,3023.836
1,140,contract,926.977
1,141,contract,680.686
1,142,contract,616.219
1,143,contract,624.932
1,144,contract,623.239
1,145,contract,633.635
1,146,contract,588.497
1,147,contract,583.229
1,148,contract,682.528
1,149,contract,596.168
1,150,contract,594.936
1,151,contract,2679.998
1,152,contract,705.163
1,153,contract,579.133
1,154,contract,678.953
1,155,contract,600.094
1,156,contract,587.495
1,157,contract,594.075
1,158,contract,575.427
1,159,contract,580.304
1,160,contract,590.43
1,161,contract,618.742
1,162,contract,631.792
1,163,contract,2989.675
1,164,contract,624.941
1,165,contract,763.82
1,166,contract,595.617
1,167,contract,559.883
1,168,contract,631.061
1,169,contract,582.838
1,170,contract,562.147
1,171,contract,583.71
1,172,contract,636.88
1,173,contract,673.094
1,174,contract,608.286
1,175,contract,622.628
1,176,contract,2917.275
1,177,contract,768.187
1,178,contract,599.483
1,179,contract,586.925
1,180,contract,603.92
1,181,contract,644.351
1,182,contract,605.012
1,183,contract,573.254
1,184,contract,626.564
1,185,contract,685.834
1,186,contract,668.938
1,187,contract,588.937
1,188,contract,2560.759
1,189,contract,646.695
1,190,contract,768.869
1,191,contract,611.331
1,192,contract,626.744
1,193,contract,598.962
1,194,contract,1154.745
1,195,contract,620.986
1,196,contract,634.847
1,197,contract,578.913
1,198,contract,569.498
1,199,contract,586.964
1,200,contract,3029.305
1,201,contract,760.075
1,202,contract,605.322
1,203,contract,608.457
1,204,contract,566.483
1,205,contract,566.703
1,206,contract,574.235
1,207,contract,551.941
1,208,contract,559.773
1,209,contract,566.704
1,210,contract,546.043
1,211,contract,587.095
1,212,contract,3261.054
1,213,contract,664.612
1,214,contract,616.82
1,215,contract,590.76
1,216,contract,581.386
1,217,contract,571.401
1,218,contract,567.385
1,219,contract,657.34
1,220,contract,618.382
1,221,contract,602.348
1,222,contract,663.42
1,223,contract,596.889
1,224,contract,2888.992
1,225,contract,645.332
1,226,contract,737.462
1,227,contract,645.713
1,228,contract,575.848
1,229,contract,595.287
1,230,contract,630.821
1,231,contract,611.682
1,232,contract,611.922
1,233,contract,568.556
1,234,contract,585.932
1,235,contract,553.313
1,236,contract,3173.331
1,237,contract,610.79
1,238,contract,743.972
1,239,contract,649.489
1,240,contract,576.218
1,241,contract,601.517
1,242,contract,1087.723
1,243,contract,686.645
1,244,contract,577.4
1,245,contract,622.678
1,246,contract,577.069
1,247,contract,3173.552
1,248,contract,594.175
1,249,contract,954.218
1,250,contract,556.93
1,251,contract,543.028
1,252,contract,581.586
1,253,contract,531.991
1,254,contract,556.628
1,255,contract,550.419
1,0,direct,385.15
1,1,direct,360.569
1,2,direct,324.018
1,3,direct,318.43
1,4,direct,461.165
1,5,direct,309.636
1,6,direct,402.496
1,7,direct,309.065
1,8,direct,297.548
1,9,direct,348.214
1,10,direct,328.525
1,11,direct,334.214
1,12,direct,354.604
1,13,direct,314.924
1,14,direct,322.516
1,15,direct,348.075
1,16,direct,357.93
1,17,direct,350.398
1,18,direct,362.205
1,19,direct,338.43
1,20,direct,318.319
1,21,direct,357.378
1,22,direct,329.887
1,23,direct,335.556
1,24,direct,333.262
1,25,direct,314.564
1,26,direct,2281.558
1,27,direct,354.584
1,28,direct,316.076
1,29,direct,728.647
1,30,direct,286.312
1,31,direct,296.927
1,32,direct,302.015
1,33,direct,323.667
1,34,direct,301.825
1,35,direct,302.576
1,36,direct,292.891
1,37,direct,298.89
1,38,direct,314.864
1,39,direct,337.168
1,40,direct,317.379
1,41,direct,350.939
1,42,direct,308.355
1,43,direct,299.481
1,44,direct,289.917
1,45,direct,320.974
1,46,direct,359.181
1,47,direct,315.676
1,48,direct,303.277
1,49,direct,2707.76
1,50,direct,333.623
1,51,direct,452.382
1,52,direct,629.098
1,53,direct,304.518
1,54,direct,296.196
1,55,direct,318.199
1,56,direct,311.93
1,57,direct,317.178
1,58,direct,296.937
1,59,direct,296.847
1,60,direct,282.756
1,61,direct,335.109
1,62,direct,296.917
1,63,direct,279.441
1,64,direct,328.024
1,65,direct,300.312
1,66,direct,317.188
1,67,direct,301.755
1,68,direct,314.083
1,69,direct,322.936
1,70,direct,283.206
1,71,direct,2896.995
1,72,direct,329.076
1,73,direct,300.233
1,74,direct,392.422
1,75,direct,318.48
1,76,direct,307.494
1,77,direct,304.038
1,78,direct,316.957
1,79,direct,336.627
1,80,direct,307.964
1,81,direct,306.933
1,82,direct,335.135
1,83,direct,305.871
1,84,direct,304.158
1,85,direct,301.565
1,86,direct,297.989
1,87,direct,333.673
1,88,direct,324.689
1,89,direct,303.297
1,90,direct,297.528
1,91,direct,305.25
1,92,direct,307.694
1,93,direct,312.09
1,94,direct,3091.228
1,95,direct,300.042
1,96,direct,492.863
1,97,direct,655.238
1,98,direct,327.483
1,99,direct,296.527
1,100,direct,329.466
1,101,direct,314.053
1,102,direct,288.274
1,103,direct,298.41
1,104,direct,313.712
1,105,direct,291.829
1,106,direct,296.687
1,107,direct,303.588
1,108,direct,277.518
1,109,direct,280.022
1,110,direct,296.076
1,111,direct,311.079
1,112,direct,297.538
1,113,direct,300.993
1,114,direct,300.443
1,115,direct,278.66
1,116,direct,2954.763
1,117,direct,318.761
1,118,direct,284.579
1,119,direct,418.711
1,120,direct,295.986
1,121,direct,786.245
1,122,direct,244.789
1,123,direct,164.808
1,124,direct,141.653
1,125,direct,174.724
1,126,direct,130.707
1,127,direct,146.881
1,128,direct,134.152
1,129,direct,163.196
1,130,direct,130.858
1,131,direct,136.375
1,132,direct,137.296
1,133,direct,142.354
1,134,direct,155.985
1,135,direct,128.263
1,136,direct,138.93
1,137,direct,126.2
1,138,direct,121.714
1,139,direct,152.45
1,140,direct,143.126
1,141,direct,150.346
1,142,direct,133.711
1,143,direct,136.536
1,144,direct,129.926
1,145,direct,154.193
1,146,direct,138.288
1,147,direct,4149.812
1,148,direct,150.757
1,149,direct,140.612
1,150,direct,127.552
1,151,direct,137.637
1,152,direct,370.218
1,153,direct,701.918
1,154,direct,145.75
1,155,direct,136.386
1,156,direct,140.441
1,157,direct,151.828
1,158,direct,137.166
1,159,direct,161.213
1,160,direct,139.16
1,161,direct,153.341
1,162,direct,150.066
1,163,direct,141.072
1,164,direct,147.472
1,165,direct,128.444
1,166,direct,141.884
1,167,direct,136.676
1,168,direct,135.905
1,169,direct,136.325
1,170,direct,126.14
1,171,direct,135.364
1,172,direct,142.034
1,173,direct,151.908
1,174,direct,135.113
1,175,direct,152.66
1,176,direct,148.393
1,177,direct,146.17
1,178,direct,144.818
1,179,direct,159.44
1,180,direct,142.335
1,181,direct,164.277
1,182,direct,152.69
1,183,direct,132.98
1,184,direct,135.924
1,185,direct,3860.547
1,186,direct,156.366
1,187,direct,146.671
1,188,direct,132.089
1,189,direct,157.517
1,190,direct,323.538
1,191,direct,152.89
1,192,direct,162.495
1,193,direct,155.454
1,194,direct,177.707
1,195,direct,137.166
1,196,direct,131.978
1,197,direct,150.146
1,198,direct,146.931
1,199,direct,143.987
1,200,direct,167.953
1,201,direct,166.631
1,202,direct,141.152
1,203,direct,143.006
1,204,direct,150.637
1,205,direct,149.385
1,206,direct,142.555
1,207,direct,140.923
1,208,direct,138.248
1,209,direct,129.525
1,210,direct,148.334
1,211,direct,153.681
1,212,direct,141.763
1,213,direct,146.07
1,214,direct,145.81
1,215,direct,164.007
1,216,direct,157.137
1,217,direct,178.329
1,218,direct,154.072
1,219,direct,162.374
1,220,direct,155.374
1,221,direct,148.884
1,222,direct,145.689
1,223,direct,4184.926
1,224,direct,156.656
1,225,direct,138.468
1,226,direct,127.351
1,227,direct,485.411
1,228,direct,151.969
1,229,direct,171.748
1,230,direct,149.545
1,231,direct,153.461
1,232,direct,140.892
1,233,direct,136.005
1,234,direct,150.697
1,235,direct,136.535
1,236,direct,149.996
1,237,direct,143.897
1,238,direct,156.987
1,239,direct,148.974
1,240,direct,147.822
1,241,direct,155.644
1,242,direct,138.86
1,243,direct,184.548
1,244,direct,143.627
1,245,direct,711.382
1,246,direct,270.688
1,247,direct,157.057
1,248,direct,136.927
1,249,direct,132.409
1,250,direct,141.403
1,251,direct,144.548
1,252,direct,152.309
1,253,direct,169.856
1,254,direct,140.181
1,255,direct,130.737
2,0,direct,363.217
2,1,direct,333.022
2,2,direct,331.32
2,3,direct,317.649
2,4,direct,329.957
2,5,direct,330.708
2,6,direct,308.585
2,7,direct,290.858
2,8,direct,284.97
2,9,direct,307.083
2,10,direct,290.027
2,11,direct,306.522
2,12,direct,335.726
2,13,direct,330.949
2,14,direct,292.872
2,15,direct,738.303
2,16,direct,302.786
2,17,direct,341.704
2,18,direct,312.17
2,19,direct,285.109
2,20,direct,346.332
2,21,direct,298.74
2,22,direct,315.154
2,23,direct,294.674
2,24,direct,316.847
2,25,direct,302.576
2,26,direct,294.103
2,27,direct,330.878
2,28,direct,328.855
2,29,direct,304.078
2,30,direct,282.635
2,31,direct,327.684
2,32,direct,285.811
2,33,direct,305.611
2,34,direct,310.147
2,35,direct,292.971
2,36,direct,2835.252
2,37,direct,295.345
2,38,direct,740.166
2,39,direct,292.04
2,40,direct,304.278
2,41,direct,336.197
2,42,direct,299.09
2,43,direct,281.714
2,44,direct,292.11
2,45,direct,322.466
2,46,direct,334.344
2,47,direct,346.412
2,48,direct,330.498
2,49,direct,328.044
2,50,direct,301.685
2,51,direct,346.092
2,52,direct,340.303
2,53,direct,361.325
2,54,direct,312.611
2,55,direct,335.065
2,56,direct,340.192
2,57,direct,305.771
2,58,direct,334.885
2,59,direct,2456.271
2,60,direct,916.641
2,61,direct,305.015
2,62,direct,350.408
2,63,direct,326.282
2,64,direct,292.481
2,65,direct,315.636
2,66,direct,296.066
2,67,direct,282.706
2,68,direct,307.013
2,69,direct,283.597
2,70,direct,303.157
2,71,direct,320.603
2,72,direct,293.241
2,73,direct,282.505
2,74,direct,323.798
2,75,direct,296.557
2,76,direct,291.168
2,77,direct,309.226
2,78,direct,303.757
2,79,direct,292.19
2,80,direct,295.125
2,81,direct,2949.594
2,82,direct,309.166
2,83,direct,592.273
2,84,direct,321.655
2,85,direct,294.093
2,86,direct,305.5
2,87,direct,325.651
2,88,direct,312.34
2,89,direct,323.607
2,90,direct,298.549
2,91,direct,288.515
2,92,direct,293.612
2,93,direct,296.587
2,94,direct,305.2
2,95,direct,298.47
2,96,direct,322.636
2,97,direct,314.824
2,98,direct,304.128
2,99,direct,313.583
2,100,direct,304.96
2,101,direct,316.587
2,102,direct,340.353
2,103,direct,331.129
2,104,direct,2818.928
2,105,direct,903.011
2,106,direct,627.636
2,107,direct,292.701
2,108,direct,328.034
2,109,direct,296.947
2,110,direct,315.195
2,111,direct,316.006
2,112,direct,304.89
2,113,direct,295.365
2,114,direct,356.397
2,115,direct,302.726
2,116,direct,400.133
2,117,direct,356.387
2,118,direct,318.44
2,119,direct,325.951
2,120,direct,317.168
2,121,direct,690.204
2,122,direct,262.705
2,123,direct,134.803
2,124,direct,130.307
2,125,direct,145.98
2,126,direct,138.589
2,127,direct,144.057
2,128,direct,2212.363
2,129,direct,126.01
2,130,direct,789.29
2,131,direct,150.336
2,132,direct,141.703
2,133,direct,166.421
2,134,direct,159.16
2,135,direct,136.296
2,136,direct,149.816
2,137,direct,148.61
2,138,direct,155.704
2,139,direct,131.969
2,140,direct,135.013
2,141,direct,141.834
2,142,direct,133.361
2,143,direct,146.981
2,144,direct,137.067
2,145,direct,141.854
2,146,direct,143.306
2,147,direct,143.236
2,148,direct,141.664
2,149,direct,126.861
2,150,direct,149.195
2,151,direct,138.79
2,152,direct,140.271
2,153,direct,140.212
2,154,direct,144.327
2,155,direct,138.689
2,156,direct,137.337
2,157,direct,137.728
2,158,direct,143.977
2,159,direct,156.546
2,160,direct,137.117
2,161,direct,130.807
2,162,direct,147.533
2,163,direct,138.959
2,164,direct,128.374
2,165,direct,4171.305
2,166,direct,162.935
2,167,direct,747.186
2,168,direct,138.349
2,169,direct,153.451
2,170,direct,164.828
2,171,direct,143.046
2,172,direct,146.441
2,173,direct,157.637
2,174,direct,150.607
2,175,direct,164.508
2,176,direct,155.334
2,177,direct,136.366
2,178,direct,135.264
2,179,direct,131.999
2,180,direct,149.466
2,181,direct,137.487
2,182,direct,140.432
2,183,direct,157.527
2,184,direct,139.81
2,185,direct,145.879
2,186,direct,138.188
2,187,direct,165.029
2,188,direct,151.428
2,189,direct,152.609
2,190,direct,156.075
2,191,direct,139.43
2,192,direct,144.959
2,193,direct,147.973
2,194,direct,135.134
2,195,direct,157.297
2,196,direct,149.596
2,197,direct,131.148
2,198,direct,136.105
2,199,direct,149.826
2,200,direct,153.151
2,201,direct,159.961
2,202,direct,162.656
2,203,direct,3847.858
2,204,direct,167.883
2,205,direct,742.048
2,206,direct,154.783
2,207,direct,137.938
2,208,direct,160.071
2,209,direct,130.086
2,210,direct,149.535
2,211,direct,154.052
2,212,direct,146.28
2,213,direct,143.557
2,214,direct,136.836
2,215,direct,142.275
2,216,direct,154.443
2,217,direct,147.973
2,218,direct,137.998
2,219,direct,146.571
2,220,direct,141.323
2,221,direct,137.137
2,222,direct,147.463
2,223,direct,145.439
2,224,direct,143.276
2,225,direct,137.227
2,226,direct,136.736
2,227,direct,128.473
2,228,direct,143.226
2,229,direct,138.038
2,230,direct,141.393
2,231,direct,162.064
2,232,direct,128.093
2,233,direct,135.284
2,234,direct,136.936
2,235,direct,143.646
2,236,direct,128.374
2,237,direct,135.053
2,238,direct,136.395
2,239,direct,133.341
2,240,direct,4193.268
2,241,direct,144.217
2,242,direct,775.128
2,243,direct,146.641
2,244,direct,151.228
2,245,direct,1603.597
2,246,direct,261.834
2,247,direct,169.876
2,248,direct,153.241
2,249,direct,147.692
2,250,direct,152.67
2,251,direct,147.963
2,252,direct,138.469
2,253,direct,159.971
2,254,direct,166.271
2,255,direct,134.232
2,0,contract,1757.458
2,1,contract,1505.839
2,2,contract,1305.247
2,3,contract,1218.206
2,4,contract,2468.57
2,5,contract,1428.276
2,6,contract,1183.954
2,7,contract,1207.549
2,8,contract,1221.14
2,9,contract,1149.893
2,10,contract,1224.725
2,11,contract,3490.67
2,12,contract,1211.145
2,13,contract,1254.03
2,14,contract,1186.107
2,15,contract,1192.977
2,16,contract,1184.065
2,17,contract,2611.064
2,18,contract,1419.659
2,19,contract,1172.407
2,20,contract,1213.414
2,21,contract,1293.189
2,22,contract,1196.653
2,23,contract,1179.508
2,24,contract,2994.722
2,25,contract,1234.64
2,26,contract,1252.767
2,27,contract,1209.222
2,28,contract,1188.23
2,29,contract,1182.321
2,30,contract,1156.162
2,31,contract,3112.063
2,32,contract,1227.129
2,33,contract,1206.648
2,34,contract,1322.302
2,35,contract,1302.052
2,36,contract,1180.689
2,37,contract,2962.584
2,38,contract,1254.911
2,39,contract,1209.633
2,40,contract,1232.687
2,41,contract,1282.022
2,42,contract,1376.444
2,43,contract,1681.223
2,44,contract,2473.887
2,45,contract,1328.943
2,46,contract,1309.593
2,47,contract,1283.454
2,48,contract,1307.25
2,49,contract,1299.288
2,50,contract,2484.924
2,51,contract,1323.614
2,52,contract,1324.686
2,53,contract,1319.017
2,54,contract,1280.178
2,55,contract,1291.305
2,56,contract,1304.996
2,57,contract,2412.045
2,58,contract,1365.467
2,59,contract,1289.903
2,60,contract,1304.876
2,61,contract,1260.034
2,62,contract,1238.386
2,63,contract,3785.048
2,64,contract,812.865
2,65,contract,811.943
2,66,contract,759.054
2,67,contract,776.339
2,68,contract,797.792
2,69,contract,734.046
2,70,contract,758.773
2,71,contract,764.422
2,72,contract,778.803
2,73,contract,2620.949
2,74,contract,870.191
2,75,contract,715.958
2,76,contract,783.24
2,77,contract,817.892
2,78,contract,792.364
2,79,contract,773.375
2,80,contract,771.553
2,81,contract,769.499
2,82,contract,733.776
2,83,contract,2840.43
2,84,contract,805.454
2,85,contract,761.367
2,86,contract,731.943
2,87,contract,713.726
2,88,contract,743.561
2,89,contract,717.571
2,90,contract,705.913
2,91,contract,740.927
2,92,contract,718.914
2,93,contract,3027.091
2,94,contract,1080.087
2,95,contract,732.944
2,96,contract,732.413
2,97,contract,786.691
2,98,contract,783.1
2,99,contract,745.233
2,100,contract,768.368
2,101,contract,775.338
2,102,contract,769.449
2,103,contract,2740.019
2,104,contract,920.227
2,105,contract,745.263
2,106,contract,733.875
2,107,contract,708.728
2,108,contract,784.642
2,109,contract,745.694
2,110,contract,716.97
2,111,contract,748.077
2,112,contract,761.417
2,113,contract,762.449
2,114,contract,2780.349
2,115,contract,1039.857
2,116,contract,764.051
2,117,contract,741.448
2,118,contract,753.195
2,119,contract,707.056
2,120,contract,752.824
2,121,contract,1141.875
2,122,contract,653.535
2,123,contract,2902.293
2,124,contract,904.663
2,125,contract,600.214
2,126,contract,584.521
2,127,contract,556.548
2,128,contract,934.978
2,129,contract,693.405
2,130,contract,550.68
2,131,contract,553.834
2,132,contract,574.415
2,133,contract,583.068
2,134,contract,572.543
2,135,contract,2968.032
2,136,contract,899.595
2,137,contract,537.339
2,138,contract,556.168
2,139,contract,600.255
2,140,contract,645.312
2,141,contract,590.4
2,142,contract,570.069
2,143,contract,548.816
2,144,contract,543.869
2,145,contract,605.272
2,146,contract,552.783
2,147,contract,3136.706
2,148,contract,898.274
2,149,contract,857.502
2,150,contract,562.998
2,151,contract,542.738
2,152,contract,555.787
2,153,contract,547.155
2,154,contract,618.092
2,155,contract,599.924
2,156,contract,568.386
2,157,contract,617.421
2,158,contract,591.591
2,159,contract,2969.033
2,160,contract,542.708
2,161,contract,778.854
2,162,contract,553.774
2,163,contract,599.253
2,164,contract,572.222
2,165,contract,568.266
2,166,contract,595.738
2,167,contract,568.657
2,168,contract,579.433
2,169,contract,564.921
2,170,contract,533.323
2,171,contract,568.667
2,172,contract,3219.207
2,173,contract,927.127
2,174,contract,546.143
2,175,contract,574.526
2,176,contract,554.967
2,177,contract,574.946
2,178,contract,588.116
2,179,contract,558.913
2,180,contract,549.638
2,181,contract,554.796
2,182,contract,524.12
2,183,contract,521.025
2,184,contract,3157.778
2,185,contract,898.884
2,186,contract,570.65
2,187,contract,577.1
2,188,contract,534.305
2,189,contract,601.937
2,190,contract,586.824
2,191,contract,594.395
2,192,contract,602.558
2,193,contract,635.437
2,194,contract,1140.458
2,195,contract,608.722
2,196,contract,3067.372
2,197,contract,762.219
2,198,contract,582.288
2,199,contract,566.874
2,200,contract,609.969
2,201,contract,583.49
2,202,contract,645.703
2,203,contract,627.135
2,204,contract,594.005
2,205,contract,543.93
2,206,contract,578.512
2,207,contract,622.849
2,208,contract,2879.359
2,209,contract,895.4
2,210,contract,558.822
2,211,contract,586.174
2,212,contract,514.405
2,213,contract,565.331
2,214,contract,580.615
2,215,contract,582.989
2,216,contract,556.999
2,217,contract,599.914
2,218,contract,569.098
2,219,contract,536.879
2,220,contract,3229.095
2,221,contract,581.195
2,222,contract,978.754
2,223,contract,578.511
2,224,contract,561.215
2,225,contract,530.97
2,226,contract,549.458
2,227,contract,585.021
2,228,contract,672.874
2,229,contract,532.722
2,230,contract,576.108
2,231,contract,519.583
2,232,contract,547.655
2,233,contract,3242.816
2,234,contract,689.879
2,235,contract,540.694
2,236,contract,565.191
2,237,contract,552.512
2,238,contract,556.498
2,239,contract,551.431
2,240,contract,574.205
2,241,contract,550.319
2,242,contract,1037.464
2,243,contract,3787.066
2,244,contract,576.839
2,245,contract,615.348
2,246,contract,571.681
2,247,contract,609.248
2,248,contract,605.743
2,249,contract,532.322
2,250,contract,559.152
2,251,contract,568.306
2,252,contract,598.191
2,253,contract,525.472
2,254,contract,528.306
2,255,contract,557.17
3,0,contract,1553.2
3,1,contract,1311.916
3,2,contract,1258.136
3,3,contract,1269.573
3,4,contract,1216.383
3,5,contract,1312.187
3,6,contract,1276.584
3,7,contract,2506.767
3,8,contract,1222.743
3,9,contract,1169.162
3,10,contract,1325.958
3,11,contract,1258.847
3,12,contract,1195.662
3,13,contract,2748.211
3,14,contract,1560.732
3,15,contract,1278.786
3,16,contract,1216.252
3,17,contract,1336.644
3,18,contract,1207.67
3,19,contract,1212.437
3,20,contract,2580.393
3,21,contract,1488.613
3,22,contract,1228.01
3,23,contract,1251.826
3,24,contract,1180.509
3,25,contract,1241.01
3,26,contract,1281.491
3,27,contract,2848.001
3,28,contract,1249.472
3,29,contract,1230.844
3,30,contract,1204.715
3,31,contract,1219.263
3,32,contract,1159.868
3,33,contract,2803.203
3,34,contract,1577.987
3,35,contract,1174.169
3,36,contract,1242.882
3,37,contract,1296.234
3,38,contract,1291.305
3,39,contract,1308.892
3,40,contract,2503.292
3,41,contract,1527.211
3,42,contract,1265.506
3,43,contract,1236.063
3,44,contract,1198.937
3,45,contract,1258.586
3,46,contract,1236.303
3,47,contract,2984.067
3,48,contract,1313.409
3,49,contract,1280.85
3,50,contract,1257.645
3,51,contract,1309.443
3,52,contract,1293.63
3,53,contract,2555.65
3,54,contract,1223.543
3,55,contract,1195.571
3,56,contract,1206.258
3,57,contract,1278.266
3,58,contract,1271.486
3,59,contract,1228.651
3,60,contract,3114.713
3,61,contract,1214.04
3,62,contract,1237.034
3,63,contract,1672.644
3,64,contract,746.535
3,65,contract,744.992
3,66,contract,872.334
3,67,contract,2672.387
3,68,contract,1414.271
3,69,contract,723.931
3,70,contract,715.358
3,71,contract,763.37
3,72,contract,755.479
3,73,contract,718.592
3,74,contract,789.76
3,75,contract,730.461
3,76,contract,774.747
3,77,contract,2391.023
3,78,contract,1072.536
3,79,contract,753.225
3,80,contract,716.77
3,81,contract,721.718
3,82,contract,727.045
3,83,contract,722.719
3,84,contract,688.487
3,85,contract,775.058
3,86,contract,823.671
3,87,contract,746.024
3,88,contract,3094.082
3,89,contract,709.298
3,90,contract,770.701
3,91,contract,738.703
3,92,contract,736.75
3,93,contract,762.509
3,94,contract,742.289
3,95,contract,733.796
3,96,contract,709.329
3,97,contract,709.238
3,98,contract,2861.903
3,99,contract,1089.863
3,100,contract,716.429
3,101,contract,837.458
3,102,contract,1283.894
3,103,contract,793.255
3,104,contract,732.884
3,105,contract,747.967
3,106,contract,737.611
3,107,contract,749.199
3,108,contract,2073.885
3,109,contract,1237.735
3,110,contract,805.563
3,111,contract,760.797
3,112,contract,731.282
3,113,contract,761.327
3,114,contract,743.821
3,115,contract,744.712
3,116,contract,700.195
3,117,contract,738.733
3,118,contract,2617.413
3,119,contract,1512.68
3,120,contract,787.276
3,121,contract,1163.467
3,122,contract,671.703
3,123,contract,571.221
3,124,contract,554.245
3,125,contract,548.426
3,126,contract,559.813
3,127,contract,556.278
3,128,contract,2962.504
3,129,contract,1087.408
3,130,contract,569.328
3,131,contract,542.968
3,132,contract,526.553
3,133,contract,566.223
3,134,contract,561.036
3,135,contract,599.774
3,136,contract,567.145
3,137,contract,574.205
3,138,contract,595.758
3,139,contract,564.28
3,140,contract,3033.17
3,141,contract,1078.976
3,142,contract,582.808
3,143,contract,569.979
3,144,contract,568.877
3,145,contract,611.662
3,146,contract,552.553
3,147,contract,554.876
3,148,contract,566.203
3,149,contract,628.828
3,150,contract,581.717
3,151,contract,532.733
3,152,contract,564.06
3,153,contract,2980.931
3,154,contract,1002.921
3,155,contract,593.424
3,156,contract,571.221
3,157,contract,577.811
3,158,contract,581.236
3,159,contract,600.184
3,160,contract,559.893
3,161,contract,604.0
3,162,contract,570.85
3,163,contract,580.284
3,164,contract,600.264
3,165,contract,2964.086
3,166,contract,885.975
3,167,contract,561.305
3,168,contract,563.399
3,169,contract,542.658
3,170,contract,583.269
3,171,contract,543.038
3,172,contract,525.442
3,173,contract,558.953
3,174,contract,556.408
3,175,contract,553.324
3,176,contract,563.529
3,177,contract,3177.688
3,178,contract,1042.391
3,179,contract,563.018
3,180,contract,549.217
3,181,contract,559.443
3,182,contract,574.406
3,183,contract,543.389
3,184,contract,571.622
3,185,contract,537.31
3,186,contract,550.4
3,187,contract,584.26
3,188,contract,593.855
3,189,contract,551.191
3,190,contract,3152.711
3,191,contract,876.821
3,192,contract,583.68
3,193,contract,568.066
3,194,contract,1060.498
3,195,contract,589.157
3,196,contract,664.381
3,197,contract,623.51
3,198,contract,611.321
3,199,contract,587.205
3,200,contract,650.21
3,201,contract,2841.452
3,202,contract,1046.146
3,203,contract,650.049
3,204,contract,583.199
3,205,contract,602.287
3,206,contract,613.154
3,207,contract,541.977
3,208,contract,581.426
3,209,contract,575.958
3,210,contract,593.424
3,211,contract,536.188
3,212,contract,564.701
3,213,contract,2871.386
3,214,contract,1074.77
3,215,contract,565.062
3,216,contract,556.679
3,217,contract,570.249
3,218,contract,582.227
3,219,contract,574.877
3,220,contract,602.267
3,221,contract,613.685
3,222,contract,619.774
3,223,contract,591.831
3,224,contract,575.106
3,225,contract,600.985
3,226,contract,2738.255
3,227,contract,912.525
3,228,contract,611.842
3,229,contract,611.521
3,230,contract,575.857
3,231,contract,597.871
3,232,contract,608.067
3,233,contract,622.778
3,234,contract,612.633
3,235,contract,614.646
3,236,contract,567.405
3,237,contract,609.018
3,238,contract,2994.342
3,239,contract,898.454
3,240,contract,600.665
3,241,contract,608.437
3,242,contract,1035.065
3,243,contract,685.843
3,244,contract,548.957
3,245,contract,615.217
3,246,contract,552.733
3,247,contract,590.85
3,248,contract,619.253
3,249,contract,3036.836
3,250,contract,870.862
3,251,contract,631.982
3,252,contract,588.697
3,253,contract,668.547
3,254,contract,569.518
3,255,contract,612.063
3,0,direct,404.75
3,1,direct,354.243
3,2,direct,347.614
3,3,direct,312.28
3,4,direct,316.196
3,5,direct,340.873
3,6,direct,311.579
3,7,direct,319.521
3,8,direct,345.28
3,9,direct,387.875
3,10,direct,382.276
3,11,direct,324.569
3,12,direct,305.851
3,13,direct,324.849
3,14,direct,323.988
3,15,direct,280.483
3,16,direct,1343.464
3,17,direct,1033.427
3,18,direct,327.023
3,19,direct,318.81
3,20,direct,341.013
3,21,direct,333.793
3,22,direct,309.797
3,23,direct,327.964
3,24,direct,309.196
3,25,direct,319.822
3,26,direct,291.609
3,27,direct,330.888
3,28,direct,292.4
3,29,direct,316.717
3,30,direct,322.056
3,31,direct,304.639
3,32,direct,299.922
3,33,direct,320.573
3,34,direct,300.834
3,35,direct,350.849
3,36,direct,337.349
3,37,direct,335.876
3,38,direct,335.725
3,39,direct,2308.889
3,40,direct,890.332
3,41,direct,305.27
3,42,direct,304.879
3,43,direct,317.389
3,44,direct,308.625
3,45,direct,324.64
3,46,direct,314.053
3,47,direct,332.01
3,48,direct,288.856
3,49,direct,328.885
3,50,direct,325.19
3,51,direct,313.883
3,52,direct,305.891
3,53,direct,322.546
3,54,direct,322.886
3,55,direct,307.493
3,56,direct,326.582
3,57,direct,300.473
3,58,direct,309.406
3,59,direct,520.194
3,60,direct,304.849
3,61,direct,2410.772
3,62,direct,902.991
3,63,direct,340.944
3,64,direct,313.573
3,65,direct,311.79
3,66,direct,309.767
3,67,direct,292.341
3,68,direct,309.697
3,69,direct,318.811
3,70,direct,298.35
3,71,direct,330.268
3,72,direct,307.924
3,73,direct,332.741
3,74,direct,291.439
3,75,direct,303.588
3,76,direct,302.786
3,77,direct,300.393
3,78,direct,324.659
3,79,direct,306.822
3,80,direct,294.464
3,81,direct,301.665
3,82,direct,330.929
3,83,direct,306.051
3,84,direct,2645.275
3,85,direct,1255.932
3,86,direct,291.178
3,87,direct,317.138
3,88,direct,318.3
3,89,direct,307.924
3,90,direct,311.67
3,91,direct,320.663
3,92,direct,328.856
3,93,direct,288.154
3,94,direct,332.521
3,95,direct,304.659
3,96,direct,307.233
3,97,direct,322.867
3,98,direct,299.401
3,99,direct,297.047
3,100,direct,329.106
3,101,direct,316.307
3,102,direct,289.717
3,103,direct,313.042
3,104,direct,299.812
3,105,direct,288.255
3,106,direct,2337.272
3,107,direct,320.904
3,108,direct,719.755
3,109,direct,292.381
3,110,direct,285.871
3,111,direct,299.572
3,112,direct,288.285
3,113,direct,301.685
3,114,direct,329.296
3,115,direct,298.049
3,116,direct,342.286
3,117,direct,301.635
3,118,direct,329.937
3,119,direct,304.178
3,120,direct,300.102
3,121,direct,675.848
3,122,direct,242.396
3,123,direct,146.27
3,124,direct,148.944
3,125,direct,145.099
3,126,direct,133.792
3,127,direct,142.795
3,128,direct,142.625
3,129,direct,137.787
3,130,direct,136.355
3,131,direct,3162.565
3,132,direct,144.458
3,133,direct,760.957
3,134,direct,155.865
3,135,direct,175.364
3,136,direct,134.382
3,137,direct,182.666
3,138,direct,145.078
3,139,direct,150.136
3,140,direct,125.9
3,141,direct,152.65
3,142,direct,137.738
3,143,direct,138.759
3,144,direct,136.967
3,145,direct,136.636
3,146,direct,130.887
3,147,direct,134.272
3,148,direct,137.848
3,149,direct,143.617
3,150,direct,137.337
3,151,direct,163.336
3,152,direct,133.131
3,153,direct,137.217
3,154,direct,150.898
3,155,direct,133.862
3,156,direct,132.79
3,157,direct,145.95
3,158,direct,138.389
3,159,direct,133.371
3,160,direct,162.155
3,161,direct,133.982
3,162,direct,131.558
3,163,direct,155.254
3,164,direct,141.503
3,165,direct,134.603
3,166,direct,159.591
3,167,direct,166.321
3,168,direct,135.104
3,169,direct,3985.155
3,170,direct,436.507
3,171,direct,452.341
3,172,direct,148.354
3,173,direct,178.98
3,174,direct,148.754
3,175,direct,144.437
3,176,direct,145.81
3,177,direct,141.884
3,178,direct,132.981
3,179,direct,149.716
3,180,direct,136.686
3,181,direct,140.111
3,182,direct,131.118
3,183,direct,132.37
3,184,direct,153.181
3,185,direct,177.287
3,186,direct,132.15
3,187,direct,146.871
3,188,direct,145.87
3,189,direct,165.179
3,190,direct,143.696
3,191,direct,134.533
3,192,direct,169.926
3,193,direct,147.452
3,194,direct,134.162
3,195,direct,139.55
3,196,direct,149.526
3,197,direct,138.398
3,198,direct,128.984
3,199,direct,152.66
3,200,direct,161.774
3,201,direct,151.779
3,202,direct,152.539
3,203,direct,136.886
3,204,direct,141.223
3,205,direct,4204.666
3,206,direct,156.305
3,207,direct,745.002
3,208,direct,142.515
3,209,direct,160.402
3,210,direct,137.157
3,211,direct,152.12
3,212,direct,140.371
3,213,direct,136.525
3,214,direct,137.347
3,215,direct,156.305
3,216,direct,139.029
3,217,direct,138.078
3,218,direct,141.853
3,219,direct,159.89
3,220,direct,140.722
3,221,direct,128.153
3,222,direct,152.41
3,223,direct,163.206
3,224,direct,140.001
3,225,direct,131.168
3,226,direct,131.258
3,227,direct,135.805
3,228,direct,143.506
3,229,direct,134.883
3,230,direct,168.504
3,231,direct,142.315
3,232,direct,132.349
3,233,direct,137.877
3,234,direct,132.549
3,235,direct,175.334
3,236,direct,135.394
3,237,direct,142.926
3,238,direct,146.951
3,239,direct,149.365
3,240,direct,190.186
3,241,direct,153.611
3,242,direct,161.564
3,243,direct,3911.414
3,244,direct,143.817
3,245,direct,1285.457
3,246,direct,263.307
3,247,direct,153.211
3,248,direct,145.199
3,249,direct,133.441
3,250,direct,129.114
3,251,direct,167.533
3,252,direct,160.802
3,253,direct,149.074
3,254,direct,145.939
3,255,direct,137.267
4,0,direct,389.12
4,1,direct,339.983
4,2,direct,295.546
4,3,direct,309.867
4,4,direct,288.986
4,5,direct,338.37
4,6,direct,309.877
4,7,direct,305.0
4,8,direct,303.067
4,9,direct,331.209
4,10,direct,324.309
4,11,direct,335.035
4,12,direct,323.197
4,13,direct,331.75
4,14,direct,327.193
4,15,direct,310.869
4,16,direct,304.259
4,17,direct,329.817
4,18,direct,335.837
4,19,direct,316.016
4,20,direct,298.589
4,21,direct,285.38
4,22,direct,324.459
4,23,direct,304.509
4,24,direct,287.773
4,25,direct,328.975
4,26,direct,308.865
4,27,direct,295.375
4,28,direct,2423.461
4,29,direct,328.184
4,30,direct,437.749
4,31,direct,312.07
4,32,direct,316.487
4,33,direct,301.614
4,34,direct,311.169
4,35,direct,294.023
4,36,direct,318.19
4,37,direct,323.488
4,38,direct,337.228
4,39,direct,351.209
4,40,direct,306.352
4,41,direct,299.291
4,42,direct,313.252
4,43,direct,316.687
4,44,direct,280.673
4,45,direct,276.366
4,46,direct,296.747
4,47,direct,279.011
4,48,direct,319.702
4,49,direct,317.529
4,50,direct,280.763
4,51,direct,324.629
4,52,direct,2553.988
4,53,direct,306.081
4,54,direct,601.997
4,55,direct,274.443
4,56,direct,318.129
4,57,direct,292.401
4,58,direct,287.464
4,59,direct,276.907
4,60,direct,283.447
4,61,direct,292.567
4,62,direct,279.772
4,63,direct,292.942
4,64,direct,277.989
4,65,direct,298.73
4,66,direct,276.266
4,67,direct,293.553
4,68,direct,339.992
4,69,direct,285.921
4,70,direct,286.892
4,71,direct,293.081
4,72,direct,283.557
4,73,direct,521.506
4,74,direct,299.01
4,75,direct,285.43
4,76,direct,2786.198
4,77,direct,284.929
4,78,direct,621.597
4,79,direct,278.47
4,80,direct,301.294
4,81,direct,272.701
4,82,direct,291.369
4,83,direct,274.153
4,84,direct,285.961
4,85,direct,352.301
4,86,direct,481.004
4,87,direct,314.934
4,88,direct,296.356
4,89,direct,305.13
4,90,direct,318.43
4,91,direct,295.886
4,92,direct,337.107
4,93,direct,303.207
4,94,direct,327.604
4,95,direct,292.611
4,96,direct,327.834
4,97,direct,314.774
4,98,direct,293.172
4,99,direct,291.239
4,100,direct,2484.874
4,101,direct,307.143
4,102,direct,485.922
4,103,direct,292.631
4,104,direct,305.741
4,105,direct,314.614
4,106,direct,351.94
4,107,direct,325.711
4,108,direct,318.25
4,109,direct,325.621
4,110,direct,307.053
4,111,direct,307.464
4,112,direct,293.622
4,113,direct,304.659
4,114,direct,284.529
4,115,direct,303.407
4,116,direct,337.578
4,117,direct,315.165
4,118,direct,318.029
4,119,direct,302.956
4,120,direct,296.106
4,121,direct,646.458
4,122,direct,236.126
4,123,direct,2524.855
4,124,direct,169.886
4,125,direct,143.757
4,126,direct,162.705
4,127,direct,431.12
4,128,direct,145.259
4,129,direct,154.583
4,130,direct,135.574
4,131,direct,138.389
4,132,direct,138.519
4,133,direct,149.585
4,134,direct,153.641
4,135,direct,139.911
4,136,direct,131.999
4,137,direct,134.682
4,138,direct,132.87
4,139,direct,152.4
4,140,direct,136.846
4,141,direct,156.015
4,142,direct,163.396
4,143,direct,126.751
4,144,direct,127.342
4,145,direct,138.919
4,146,direct,133.861
4,147,direct,156.216
4,148,direct,126.25
4,149,direct,126.42
4,150,direct,121.143
4,151,direct,134.142
4,152,direct,138.329
4,153,direct,134.763
4,154,direct,168.715
4,155,direct,135.564
4,156,direct,132.921
4,157,direct,129.745
4,158,direct,137.938
4,159,direct,131.618
4,160,direct,4553.151
4,161,direct,148.304
4,162,direct,150.477
4,163,direct,141.273
4,164,direct,469.387
4,165,direct,138.889
4,166,direct,154.182
4,167,direct,149.194
4,168,direct,146.841
4,169,direct,138.118
4,170,direct,145.75
4,171,direct,139.761
4,172,direct,134.583
4,173,direct,138.068
4,174,direct,128.464
4,175,direct,137.457
4,176,direct,143.065
4,177,direct,133.19
4,178,direct,157.788
4,179,direct,134.123
4,180,direct,144.147
4,181,direct,132.31
4,182,direct,137.417
4,183,direct,128.534
4,184,direct,144.328
4,185,direct,130.396
4,186,direct,135.814
4,187,direct,129.536
4,188,direct,125.669
4,189,direct,139.37
4,190,direct,126.5
4,191,direct,149.635
4,192,direct,146.882
4,193,direct,153.221
4,194,direct,142.385
4,195,direct,152.61
4,196,direct,140.922
4,197,direct,138.348
4,198,direct,4401.583
4,199,direct,153.772
4,200,direct,137.387
4,201,direct,624.641
4,202,direct,151.077
4,203,direct,144.809
4,204,direct,151.088
4,205,direct,147.322
4,206,direct,158.599
4,207,direct,133.622
4,208,direct,130.817
4,209,direct,141.083
4,210,direct,142.665
4,211,direct,135.374
4,212,direct,136.106
4,213,direct,159.56
4,214,direct,137.418
4,215,direct,135.734
4,216,direct,178.769
4,217,direct,149.986
4,218,direct,155.114
4,219,direct,137.227
4,220,direct,131.999
4,221,direct,154.653
4,222,direct,149.425
4,223,direct,164.989
4,224,direct,149.746
4,225,direct,148.023
4,226,direct,131.328
4,227,direct,140.962
4,228,direct,145.359
4,229,direct,131.779
4,230,direct,155.514
4,231,direct,136.156
4,232,direct,165.299
4,233,direct,136.266
4,234,direct,137.397
4,235,direct,4199.217
4,236,direct,156.806
4,237,direct,150.968
4,238,direct,145.89
4,239,direct,466.593
4,240,direct,139.991
4,241,direct,150.758
4,242,direct,148.634
4,243,direct,143.827
4,244,direct,133.361
4,245,direct,685.583
4,246,direct,246.442
4,247,direct,137.778
4,248,direct,150.747
4,249,direct,143.496
4,250,direct,139.64
4,251,direct,139.32
4,252,direct,131.127
4,253,direct,138.269
4,254,direct,133.051
4,255,direct,149.345
4,0,contract,1589.886
4,1,contract,1313.54
4,2,contract,1285.106
4,3,contract,1188.931
4,4,contract,1178.796
4,5,contract,1583.21
4,6,contract,1619.391
4,7,contract,1234.18
4,8,contract,1214.41
4,9,contract,1260.218
4,10,contract,1249.062
4,11,contract,2901.372
4,12,contract,1355.773
4,13,contract,1245.727
4,14,contract,1237.665
4,15,contract,1186.628
4,16,contract,1217.405
4,17,contract,1269.413
4,18,contract,3472.052
4,19,contract,1266.738
4,20,contract,1230.7
4,21,contract,1286.429
4,22,contract,1227.51
4,23,contract,1266.378
4,24,contract,2710.083
4,25,contract,1813.823
4,26,contract,1230.034
4,27,contract,1259.598
4,28,contract,1167.749
4,29,contract,1240.189
4,30,contract,1226.598
4,31,contract,3124.132
4,32,contract,1167.88
4,33,contract,1262.442
4,34,contract,1265.226
4,35,contract,1227.009
4,36,contract,1206.318
4,37,contract,2674.22
4,38,contract,1420.52
4,39,contract,1299.358
4,40,contract,1265.387
4,41,contract,1261.481
4,42,contract,1246.899
4,43,contract,1268.151
4,44,contract,2656.903
4,45,contract,1376.254
4,46,contract,1237.334
4,47,contract,1248.501
4,48,contract,1214.53
4,49,contract,1203.924
4,50,contract,1182.331
4,51,contract,3104.268
4,52,contract,1210.514
4,53,contract,1252.237
4,54,contract,1177.274
4,55,contract,1242.332
4,56,contract,1173.989
4,57,contract,2747.66
4,58,contract,1729.076
4,59,contract,1204.044
4,60,contract,1174.941
4,61,contract,1317.295
4,62,contract,1225.256
4,63,contract,3428.351
4,64,contract,944.624
4,65,contract,742.448
4,66,contract,768.098
4,67,contract,742.109
4,68,contract,801.161
4,69,contract,777.361
4,70,contract,739.885
4,71,contract,736.99
4,72,contract,768.027
4,73,contract,2637.334
4,74,contract,1118.164
4,75,contract,772.324
4,76,contract,758.383
4,77,contract,965.094
4,78,contract,737.221
4,79,contract,714.166
4,80,contract,749.009
4,81,contract,735.708
4,82,contract,711.041
4,83,contract,2825.548
4,84,contract,907.938
4,85,contract,761.447
4,86,contract,748.428
4,87,contract,736.67
4,88,contract,734.807
4,89,contract,726.674
4,90,contract,726.505
4,91,contract,769.429
4,92,contract,787.787
4,93,contract,2869.544
4,94,contract,1079.376
4,95,contract,724.402
4,96,contract,767.576
4,97,contract,751.552
4,98,contract,724.512
4,99,contract,747.366
4,100,contract,722.258
4,101,contract,782.219
4,102,contract,731.112
4,103,contract,729.289
4,104,contract,3075.854
4,105,contract,711.823
4,106,contract,683.0
4,107,contract,714.307
4,108,contract,740.846
4,109,contract,715.137
4,110,contract,725.854
4,111,contract,699.534
4,112,contract,696.759
4,113,contract,708.293
4,114,contract,2920.49
4,115,contract,1070.453
4,116,contract,725.794
4,117,contract,740.886
4,118,contract,734.887
4,119,contract,702.849
4,120,contract,719.624
4,121,contract,1155.175
4,122,contract,664.161
4,123,contract,537.109
4,124,contract,3045.479
4,125,contract,744.092
4,126,contract,694.236
4,127,contract,607.675
4,128,contract,943.201
4,129,contract,698.633
4,130,contract,602.317
4,131,contract,541.395
4,132,contract,594.275
4,133,contract,597.009
4,134,contract,556.769
4,135,contract,3124.748
4,136,contract,739.635
4,137,contract,588.186
4,138,contract,547.966
4,139,contract,539.573
4,140,contract,533.925
4,141,contract,564.21
4,142,contract,613.134
4,143,contract,567.025
4,144,contract,604.361
4,145,contract,609.789
4,146,contract,729.198
4,147,contract,702.248
4,148,contract,2844.857
4,149,contract,862.279
4,150,contract,593.905
4,151,contract,550.79
4,152,contract,556.148
4,153,contract,587.345
4,154,contract,632.854
4,155,contract,557.159
4,156,contract,571.311
4,157,contract,633.865
4,158,contract,706.294
4,159,contract,572.692
4,160,contract,3131.779
4,161,contract,862.689
4,162,contract,569.318
4,163,contract,561.466
4,164,contract,556.829
4,165,contract,541.556
4,166,contract,553.814
4,167,contract,569.017
4,168,contract,534.896
4,169,contract,551.982
4,170,contract,538.311
4,171,contract,562.878
4,172,contract,3164.739
4,173,contract,760.926
4,174,contract,554.315
4,175,contract,561.566
4,176,contract,552.302
4,177,contract,536.448
4,178,contract,554.525
4,179,contract,554.235
4,180,contract,536.769
4,181,contract,545.161
4,182,contract,523.869
4,183,contract,536.207
4,184,contract,3561.556
4,185,contract,917.623
4,186,contract,547.044
4,187,contract,565.963
4,188,contract,594.265
4,189,contract,534.696
4,190,contract,549.879
4,191,contract,554.806
4,192,contract,572.182
4,193,contract,555.687
4,194,contract,1046.156
4,195,contract,800.647
4,196,contract,2908.693
4,197,contract,853.216
4,198,contract,521.796
4,199,contract,530.439
4,200,contract,589.148
4,201,contract,598.432
4,202,contract,599.163
4,203,contract,559.964
4,204,contract,557.16
4,205,contract,582.908
4,206,contract,601.482
4,207,contract,538.231
4,208,contract,3333.953
4,209,contract,755.528
4,210,contract,581.246
4,211,contract,576.949
4,212,contract,588.567
4,213,contract,557.921
4,214,contract,563.81
4,215,contract,537.31
4,216,contract,550.89
4,217,contract,535.837
4,218,contract,579.293
4,219,contract,544.981
4,220,contract,510.75
4,221,contract,3202.726
4,222,contract,1317.285
4,223,contract,571.121
4,224,contract,578.932
4,225,contract,560.104
4,226,contract,545.301
4,227,contract,626.313
4,228,contract,553.173
4,229,contract,542.017
4,230,contract,571.371
4,231,contract,564.5
4,232,contract,581.537
4,233,contract,2987.792
4,234,contract,859.595
4,235,contract,567.566
4,236,contract,572.353
4,237,contract,582.368
4,238,contract,561.616
4,239,contract,593.314
4,240,contract,563.499
4,241,contract,586.103
4,242,contract,1128.18
4,243,contract,3550.23
4,244,contract,902.509
4,245,contract,544.15
4,246,contract,539.212
4,247,contract,565.172
4,248,contract,573.364
4,249,contract,532.963
4,250,contract,561.516
4,251,contract,531.631
4,252,contract,561.767
4,253,contract,538.352
4,254,contract,577.42
4,255,contract,537.06
5,0,contract,1572.69
5,1,contract,1355.303
5,2,contract,1300.67
5,3,contract,1233.655
5,4,contract,1328.833
5,5,contract,1323.458
5,6,contract,1364.496
5,7,contract,1262.342
5,8,contract,1250.364
5,9,contract,1234.961
5,10,contract,2563.893
5,11,contract,1533.461
5,12,contract,1327.43
5,13,contract,1265.717
5,14,contract,1240.479
5,15,contract,1253.83
5,16,contract,1269.443
5,17,contract,2378.624
5,18,contract,1852.802
5,19,contract,1263.193
5,20,contract,1321.698
5,21,contract,1230.564
5,22,contract,1279.928
5,23,contract,1286.178
5,24,contract,2526.337
5,25,contract,1317.646
5,26,contract,1250.884
5,27,contract,1265.006
5,28,contract,1250.545
5,29,contract,1225.827
5,30,contract,2439.025
5,31,contract,1548.494
5,32,contract,1187.179
5,33,contract,1180.618
5,34,contract,1250.654
5,35,contract,1309.583
5,36,contract,1226.889
5,37,contract,3024.998
5,38,contract,1294.04
5,39,contract,1253.579
5,40,contract,1217.845
5,41,contract,1205.226
5,42,contract,1224.074
5,43,contract,1172.907
5,44,contract,3069.776
5,45,contract,1206.478
5,46,contract,1289.854
5,47,contract,1234.57
5,48,contract,1248.451
5,49,contract,1187.209
5,50,contract,2459.576
5,51,contract,1602.795
5,52,contract,1200.459
5,53,contract,1174.45
5,54,contract,1257.545
5,55,contract,1261.671
5,56,contract,1206.719
5,57,contract,3026.86
5,58,contract,1243.243
5,59,contract,1255.963
5,60,contract,1245.997
5,61,contract,1402.758
5,62,contract,1180.709
5,63,contract,3679.18
5,64,contract,800.987
5,65,contract,799.505
5,66,contract,750.03
5,67,contract,773.155
5,68,contract,799.344
5,69,contract,749.199
5,70,contract,781.227
5,71,contract,732.494
5,72,contract,734.587
5,73,contract,2913.76
5,74,contract,754.247
5,75,contract,706.946
5,76,contract,752.253
5,77,contract,752.885
5,78,contract,708.017
5,79,contract,682.419
5,80,contract,725.363
5,81,contract,700.225
5,82,contract,787.116
5,83,contract,2943.806
5,84,contract,1113.899
5,85,contract,770.11
5,86,contract,717.982
5,87,contract,745.272
5,88,contract,820.41
5,89,contract,772.795
5,90,contract,738.223
5,91,contract,778.633
5,92,contract,752.654
5,93,contract,2546.206
5,94,contract,1091.331
5,95,contract,856.009
5,96,contract,775.188
5,97,contract,882.8
5,98,contract,937.617
5,99,contract,816.771
5,100,contract,785.854
5,101,contract,777.061
5,102,contract,782.028
5,103,contract,2389.961
5,104,contract,1005.876
5,105,contract,948.89
5,106,contract,761.187
5,107,contract,785.253
5,108,contract,962.21
5,109,contract,834.027
5,110,contract,790.517
5,111,contract,740.305
5,112,contract,713.896
5,113,contract,1897.319
5,114,contract,1215.872
5,115,contract,782.499
5,116,contract,801.258
5,117,contract,851.623
5,118,contract,775.098
5,119,contract,817.652
5,120,contract,745.142
5,121,contract,1161.845
5,122,contract,678.512
5,123,contract,2332.694
5,124,contract,833.976
5,125,contract,588.016
5,126,contract,613.014
5,127,contract,575.477
5,128,contract,936.281
5,129,contract,636.699
5,130,contract,585.031
5,131,contract,582.958
5,132,contract,622.108
5,133,contract,614.947
5,134,contract,3105.76
5,135,contract,1074.95
5,136,contract,553.354
5,137,contract,572.532
5,138,contract,554.666
5,139,contract,584.731
5,140,contract,575.667
5,141,contract,546.763
5,142,contract,600.505
5,143,contract,560.234
5,144,contract,554.836
5,145,contract,593.665
5,146,contract,574.065
5,147,contract,3014.772
5,148,contract,940.326
5,149,contract,601.336
5,150,contract,602.658
5,151,contract,573.714
5,152,contract,541.325
5,153,contract,576.318
5,154,contract,628.086
5,155,contract,584.08
5,156,contract,598.001
5,157,contract,613.254
5,158,contract,592.302
5,159,contract,2968.062
5,160,contract,1216.113
5,161,contract,565.653
5,162,contract,569.268
5,163,contract,602.598
5,164,contract,590.079
5,165,contract,593.825
5,166,contract,576.609
5,167,contract,580.044
5,168,contract,547.885
5,169,contract,594.606
5,170,contract,605.933
5,171,contract,2570.313
5,172,contract,1057.803
5,173,contract,602.988
5,174,contract,590.159
5,175,contract,565.341
5,176,contract,556.729
5,177,contract,574.175
5,178,contract,562.528
5,179,contract,598.091
5,180,contract,551.831
5,181,contract,628.057
5,182,contract,548.416
5,183,contract,3110.047
5,184,contract,889.25
5,185,contract,538.811
5,186,contract,536.999
5,187,contract,582.218
5,188,contract,590.229
5,189,contract,562.177
5,190,contract,596.89
5,191,contract,550.45
5,192,contract,573.414
5,193,contract,555.256
5,194,contract,1096.321
5,195,contract,2996.976
5,196,contract,932.685
5,197,contract,551.711
5,198,contract,548.296
5,199,contract,578.511
5,200,contract,591.091
5,201,contract,574.245
5,202,contract,567.014
5,203,contract,551.11
5,204,contract,554.746
5,205,contract,539.042
5,206,contract,604.651
5,207,contract,3209.305
5,208,contract,1039.816
5,209,contract,547.936
5,210,contract,558.091
5,211,contract,548.266
5,212,contract,551.451
5,213,contract,557.851
5,214,contract,557.48
5,215,contract,537.811
5,216,contract,541.747
5,217,contract,552.623
5,218,contract,525.252
5,219,contract,532.192
5,220,contract,3317.038
5,221,contract,730.981
5,222,contract,522.777
5,223,contract,514.125
5,224,contract,531.771
5,225,contract,594.495
5,226,contract,543.168
5,227,contract,634.426
5,228,contract,579.934
5,229,contract,577.11
5,230,contract,563.379
5,231,contract,551.971
5,232,contract,3291.258
5,233,contract,892.194
5,234,contract,712.523
5,235,contract,611.992
5,236,contract,574.836
5,237,contract,577.85
5,238,contract,563.86
5,239,contract,562.488
5,240,contract,571.762
5,241,contract,580.585
5,242,contract,1043.001
5,243,contract,3359.702
5,244,contract,785.113
5,245,contract,620.435
5,246,contract,564.821
5,247,contract,619.743
5,248,contract,606.133
5,249,contract,571.922
5,250,contract,579.774
5,251,contract,531.341
5,252,contract,568.908
5,253,contract,542.588
5,254,contract,553.704
5,255,contract,3106.811
5,0,direct,367.644
5,1,direct,351.54
5,2,direct,297.117
5,3,direct,341.004
5,4,direct,324.85
5,5,direct,295.305
5,6,direct,285.86
5,7,direct,294.039
5,8,direct,297.368
5,9,direct,282.856
5,10,direct,296.586
5,11,direct,300.783
5,12,direct,313.733
5,13,direct,333.142
5,14,direct,302.816
5,15,direct,289.446
5,16,direct,289.556
5,17,direct,309.907
5,18,direct,303.437
5,19,direct,288.344
5,20,direct,315.436
5,21,direct,311.339
5,22,direct,294.814
5,23,direct,350.643
5,24,direct,319.862
5,25,direct,3253.152
5,26,direct,287.223
5,27,direct,298.771
5,28,direct,302.115
5,29,direct,305.7
5,30,direct,286.932
5,31,direct,332.901
5,32,direct,318.54
5,33,direct,310.768
5,34,direct,301.955
5,35,direct,313.753
5,36,direct,296.857
5,37,direct,388.014
5,38,direct,309.326
5,39,direct,316.417
5,40,direct,327.423
5,41,direct,309.776
5,42,direct,295.846
5,43,direct,305.06
5,44,direct,294.894
5,45,direct,323.898
5,46,direct,334.575
5,47,direct,295.696
5,48,direct,3105.419
5,49,direct,310.047
5,50,direct,290.538
5,51,direct,336.156
5,52,direct,291.198
5,53,direct,333.322
5,54,direct,313.572
5,55,direct,320.232
5,56,direct,311.4
5,57,direct,312.561
5,58,direct,300.623
5,59,direct,298.299
5,60,direct,314.283
5,61,direct,319.722
5,62,direct,290.919
5,63,direct,287.383
5,64,direct,296.907
5,65,direct,290.157
5,66,direct,279.041
5,67,direct,290.868
5,68,direct,294.984
5,69,direct,295.615
5,70,direct,3403.939
5,71,direct,307.042
5,72,direct,308.344
5,73,direct,309.897
5,74,direct,335.195
5,75,direct,293.071
5,76,direct,313.492
5,77,direct,302.736
5,78,direct,319.121
5,79,direct,294.574
5,80,direct,319.391
5,81,direct,296.898
5,82,direct,309.306
5,83,direct,296.827
5,84,direct,288.064
5,85,direct,307.994
5,86,direct,340.113
5,87,direct,302.576
5,88,direct,289.496
5,89,direct,291.289
5,90,direct,296.317
5,91,direct,294.244
5,92,direct,311.64
5,93,direct,3213.162
5,94,direct,294.023
5,95,direct,293.743
5,96,direct,441.546
5,97,direct,316.237
5,98,direct,288.625
5,99,direct,311.469
5,100,direct,297.649
5,101,direct,299.722
5,102,direct,296.157
5,103,direct,307.002
5,104,direct,296.236
5,105,direct,319.191
5,106,direct,300.473
5,107,direct,316.407
5,108,direct,314.234
5,109,direct,307.153
5,110,direct,329.256
5,111,direct,290.949
5,112,direct,311.489
5,113,direct,304.128
5,114,direct,301.865
5,115,direct,288.705
5,116,direct,3217.799
5,117,direct,357.368
5,118,direct,327.573
5,119,direct,328.855
5,120,direct,294.083
5,121,direct,693.721
5,122,direct,254.103
5,123,direct,141.343
5,124,direct,137.307
5,125,direct,147.873
5,126,direct,139.41
5,127,direct,136.206
5,128,direct,140.001
5,129,direct,130.877
5,130,direct,144.147
5,131,direct,141.463
5,132,direct,141.403
5,133,direct,138.028
5,134,direct,149.405
5,135,direct,145.278
5,136,direct,136.906
5,137,direct,130.968
5,138,direct,136.315
5,139,direct,150.126
5,140,direct,141.213
5,141,direct,174.613
5,142,direct,142.234
5,143,direct,151.628
5,144,direct,139.811
5,145,direct,149.556
5,146,direct,142.715
5,147,direct,4111.816
5,148,direct,144.228
5,149,direct,152.85
5,150,direct,139.45
5,151,direct,468.886
5,152,direct,141.634
5,153,direct,144.388
5,154,direct,141.293
5,155,direct,137.968
5,156,direct,136.887
5,157,direct,134.432
5,158,direct,145.94
5,159,direct,135.444
5,160,direct,135.795
5,161,direct,134.262
5,162,direct,132.74
5,163,direct,142.174
5,164,direct,147.733
5,165,direct,135.364
5,166,direct,142.054
5,167,direct,131.888
5,168,direct,156.005
5,169,direct,149.595
5,170,direct,148.493
5,171,direct,147.853
5,172,direct,131.398
5,173,direct,141.784
5,174,direct,131.468
5,175,direct,147.683
5,176,direct,139.52
5,177,direct,138.729
5,178,direct,134.553
5,179,direct,146.31
5,180,direct,140.592
5,181,direct,134.713
5,182,direct,141.243
5,183,direct,156.476
5,184,direct,4517.367
5,185,direct,140.692
5,186,direct,126.51
5,187,direct,135.835
5,188,direct,133.612
5,189,direct,388.986
5,190,direct,472.201
5,191,direct,138.609
5,192,direct,157.578
5,193,direct,143.046
5,194,direct,136.646
5,195,direct,128.504
5,196,direct,138.909
5,197,direct,142.304
5,198,direct,131.008
5,199,direct,134.032
5,200,direct,149.796
5,201,direct,156.125
5,202,direct,136.465
5,203,direct,132.359
5,204,direct,138.579
5,205,direct,134.132
5,206,direct,127.842
5,207,direct,139.079
5,208,direct,144.358
5,209,direct,146.01
5,210,direct,132.509
5,211,direct,136.055
5,212,direct,128.033
5,213,direct,145.108
5,214,direct,132.329
5,215,direct,137.327
5,216,direct,179.27
5,217,direct,138.589
5,218,direct,148.143
5,219,direct,144.367
5,220,direct,154.113
5,221,direct,4287.941
5,222,direct,150.547
5,223,direct,182.065
5,224,direct,152.49
5,225,direct,162.485
5,226,direct,263.136
5,227,direct,170.396
5,228,direct,153.581
5,229,direct,144.037
5,230,direct,144.928
5,231,direct,141.764
5,232,direct,149.265
5,233,direct,150.477
5,234,direct,157.017
5,235,direct,138.459
5,236,direct,143.116
5,237,direct,136.165
5,238,direct,146.451
5,239,direct,167.583
5,240,direct,149.716
5,241,direct,139.12
5,242,direct,152.64
5,243,direct,142.765
5,244,direct,143.866
5,245,direct,691.091
5,246,direct,247.643
5,247,direct,138.85
5,248,direct,131.017
5,249,direct,136.085
5,250,direct,144.137
5,251,direct,135.344
5,252,direct,137.317
5,253,direct,131.788
5,254,direct,142.104
5,255,direct,4316.825
6,0,direct,402.247
6,1,direct,339.392
6,2,direct,318.129
6,3,direct,308.354
6,4,direct,291.739
6,5,direct,319.541
6,6,direct,301.374
6,7,direct,307.543
6,8,direct,323.828
6,9,direct,297.929
6,10,direct,291.659
6,11,direct,289.065
6,12,direct,313.522
6,13,direct,287.003
6,14,direct,689.91
6,15,direct,287.673
6,16,direct,316.176
6,17,direct,301.835
6,18,direct,297.498
6,19,direct,299.071
6,20,direct,304.92
6,21,direct,293.342
6,22,direct,292.38
6,23,direct,290.618
6,24,direct,312.571
6,25,direct,311.719
6,26,direct,289.626
6,27,direct,298.66
6,28,direct,288.625
6,29,direct,307.444
6,30,direct,294.804
6,31,direct,287.153
6,32,direct,288.875
6,33,direct,315.555
6,34,direct,302.165
6,35,direct,2533.298
6,36,direct,310.848
6,37,direct,342.756
6,38,direct,298.089
6,39,direct,349.287
6,40,direct,315.516
6,41,direct,283.287
6,42,direct,310.708
6,43,direct,287.052
6,44,direct,321.103
6,45,direct,311.43
6,46,direct,284.779
6,47,direct,320.493
6,48,direct,333.623
6,49,direct,282.806
6,50,direct,288.475
6,51,direct,279.31
6,52,direct,341.134
6,53,direct,289.787
6,54,direct,329.907
6,55,direct,287.743
6,56,direct,294.974
6,57,direct,276.336
6,58,direct,306.763
6,59,direct,2765.788
6,60,direct,329.317
6,61,direct,295.731
6,62,direct,394.665
6,63,direct,328.756
6,64,direct,286.832
6,65,direct,285.45
6,66,direct,304.339
6,67,direct,299.531
6,68,direct,304.479
6,69,direct,286.983
6,70,direct,291.92
6,71,direct,286.953
6,72,direct,332.761
6,73,direct,300.943
6,74,direct,298.389
6,75,direct,310.488
6,76,direct,286.452
6,77,direct,346.202
6,78,direct,323.348
6,79,direct,293.733
6,80,direct,334.384
6,81,direct,304.479
6,82,direct,301.163
6,83,direct,2824.596
6,84,direct,336.677
6,85,direct,318.66
6,86,direct,306.662
6,87,direct,305.84
6,88,direct,296.707
6,89,direct,319.12
6,90,direct,289.416
6,91,direct,296.908
6,92,direct,300.563
6,93,direct,302.105
6,94,direct,310.628
6,95,direct,319.281
6,96,direct,303.387
6,97,direct,314.153
6,98,direct,317.738
6,99,direct,280.733
6,100,direct,294.944
6,101,direct,327.233
6,102,direct,328.515
6,103,direct,314.564
6,104,direct,322.306
6,105,direct,304.409
6,106,direct,280.633
6,107,direct,292.02
6,108,direct,2668.611
6,109,direct,337.088
6,110,direct,421.185
6,111,direct,298.23
6,112,direct,294.644
6,113,direct,301.385
6,114,direct,291.79
6,115,direct,293.813
6,116,direct,321.114
6,117,direct,291.889
6,118,direct,293.572
6,119,direct,335.696
6,120,direct,298.75
6,121,direct,685.477
6,122,direct,242.705
6,123,direct,134.593
6,124,direct,135.124
6,125,direct,164.367
6,126,direct,140.662
6,127,direct,131.418
6,128,direct,132.64
6,129,direct,146.581
6,130,direct,128.815
6,131,direct,170.647
6,132,direct,143.086
6,133,direct,130.377
6,134,direct,148.093
6,135,direct,3390.649
6,136,direct,160.462
6,137,direct,138.749
6,138,direct,137.607
6,139,direct,448.586
6,140,direct,136.776
6,141,direct,147.462
6,142,direct,139.24
6,143,direct,148.564
6,144,direct,136.927
6,145,direct,133.12
6,146,direct,146.26
6,147,direct,149.886
6,148,direct,138.88
6,149,direct,141.573
6,150,direct,154.542
6,151,direct,157.457
6,152,direct,147.402
6,153,direct,159.29
6,154,direct,147.112
6,155,direct,164.678
6,156,direct,135.234
6,157,direct,158.9
6,158,direct,159.761
6,159,direct,143.997
6,160,direct,163.927
6,161,direct,151.659
6,162,direct,134.843
6,163,direct,146.52
6,164,direct,136.786
6,165,direct,145.689
6,166,direct,130.466
6,167,direct,156.616
6,168,direct,153.341
6,169,direct,151.528
6,170,direct,135.954
6,171,direct,145.319
6,172,direct,146.25
6,173,direct,4169.202
6,174,direct,152.349
6,175,direct,145.739
6,176,direct,140.231
6,177,direct,460.103
6,178,direct,138.679
6,179,direct,140.221
6,180,direct,165.41
6,181,direct,149.335
6,182,direct,137.678
6,183,direct,136.485
6,184,direct,158.719
6,185,direct,137.748
6,186,direct,143.676
6,187,direct,148.103
6,188,direct,136.826
6,189,direct,146.44
6,190,direct,138.328
6,191,direct,142.765
6,192,direct,145.138
6,193,direct,149.154
6,194,direct,143.205
6,195,direct,148.664
6,196,direct,140.372
6,197,direct,150.657
6,198,direct,146.07
6,199,direct,138.94
6,200,direct,141.543
6,201,direct,152.85
6,202,direct,136.105
6,203,direct,148.484
6,204,direct,139.541
6,205,direct,135.594
6,206,direct,149.885
6,207,direct,139.079
6,208,direct,138.99
6,209,direct,4553.031
6,210,direct,135.945
6,211,direct,137.377
6,212,direct,158.539
6,213,direct,480.164
6,214,direct,137.958
6,215,direct,132.97
6,216,direct,147.131
6,217,direct,137.337
6,218,direct,134.743
6,219,direct,140.442
6,220,direct,136.025
6,221,direct,142.445
6,222,direct,137.347
6,223,direct,151.859
6,224,direct,149.275
6,225,direct,158.699
6,226,direct,140.381
6,227,direct,144.998
6,228,direct,144.248
6,229,direct,142.184
6,230,direct,171.949
6,231,direct,137.918
6,232,direct,140.422
6,233,direct,208.173
6,234,direct,154.553
6,235,direct,141.343
6,236,direct,161.263
6,237,direct,143.547
6,238,direct,147.903
6,239,direct,145.209
6,240,direct,141.743
6,241,direct,136.616
6,242,direct,140.932
6,243,direct,134.473
6,244,direct,136.977
6,245,direct,4634.609
6,246,direct,241.584
6,247,direct,527.434
6,248,direct,149.475
6,249,direct,134.883
6,250,direct,137.226
6,251,direct,150.887
6,252,direct,133.131
6,253,direct,164.388
6,254,direct,136.496
6,255,direct,142.445
6,0,contract,1597.808
6,1,contract,1293.92
6,2,contract,1287.32
6,3,contract,1221.971
6,4,contract,1252.057
6,5,contract,1237.295
6,6,contract,2362.119
6,7,contract,1463.004
6,8,contract,1190.194
6,9,contract,1302.382
6,10,contract,1251.386
6,11,contract,1248.842
6,12,contract,1217.665
6,13,contract,2778.937
6,14,contract,1305.908
6,15,contract,1165.677
6,16,contract,1241.451
6,17,contract,1204.996
6,18,contract,1206.628
6,19,contract,1190.734
6,20,contract,3174.339
6,21,contract,1235.011
6,22,contract,1225.516
6,23,contract,1262.862
6,24,contract,1188.19
6,25,contract,1226.729
6,26,contract,2715.892
6,27,contract,1395.552
6,28,contract,1214.49
6,29,contract,1258.747
6,30,contract,1172.237
6,31,contract,1286.723
6,32,contract,1240.51
6,33,contract,2891.326
6,34,contract,1320.56
6,35,contract,1193.017
6,36,contract,1239.167
6,37,contract,1261.791
6,38,contract,1203.313
6,39,contract,1267.82
6,40,contract,3305.681
6,41,contract,1304.035
6,42,contract,1257.405
6,43,contract,1265.427
6,44,contract,1254.02
6,45,contract,1239.638
6,46,contract,2417.713
6,47,contract,1305.227
6,48,contract,1184.184
6,49,contract,1192.897
6,50,contract,1217.794
6,51,contract,1175.842
6,52,contract,1158.095
6,53,contract,3264.089
6,54,contract,1259.197
6,55,contract,1224.184
6,56,contract,1227.25
6,57,contract,1247.159
6,58,contract,1239.348
6,59,contract,2826.699
6,60,contract,1347.09
6,61,contract,1194.46
6,62,contract,1173.969
6,63,contract,1684.424
6,64,contract,795.158
6,65,contract,767.967
6,66,contract,779.465
6,67,contract,3078.889
6,68,contract,743.34
6,69,contract,765.984
6,70,contract,754.737
6,71,contract,754.147
6,72,contract,757.201
6,73,contract,799.785
6,74,contract,804.322
6,75,contract,754.677
6,76,contract,690.361
6,77,contract,2848.982
6,78,contract,901.789
6,79,contract,804.252
6,80,contract,765.483
6,81,contract,743.49
6,82,contract,760.737
6,83,contract,785.403
6,84,contract,792.875
6,85,contract,746.535
6,86,contract,767.407
6,87,contract,2725.496
6,88,contract,1207.94
6,89,contract,769.62
6,90,contract,774.597
6,91,contract,825.464
6,92,contract,796.5
6,93,contract,841.297
6,94,contract,754.066
6,95,contract,779.365
6,96,contract,777.341
6,97,contract,2246.875
6,98,contract,867.457
6,99,contract,730.111
6,100,contract,736.349
6,101,contract,761.207
6,102,contract,773.686
6,103,contract,750.53
6,104,contract,812.425
6,105,contract,736.35
6,106,contract,739.554
6,107,contract,2824.626
6,108,contract,919.375
6,109,contract,749.078
6,110,contract,741.557
6,111,contract,735.548
6,112,contract,715.889
6,113,contract,729.789
6,114,contract,744.823
6,115,contract,785.223
6,116,contract,702.118
6,117,contract,2951.948
6,118,contract,905.744
6,119,contract,774.087
6,120,contract,762.75
6,121,contract,1170.187
6,122,contract,687.846
6,123,contract,550.489
6,124,contract,616.879
6,125,contract,559.944
6,126,contract,522.788
6,127,contract,577.01
6,128,contract,3724.772
6,129,contract,724.772
6,130,contract,575.336
6,131,contract,555.016
6,132,contract,577.249
6,133,contract,569.017
6,134,contract,560.835
6,135,contract,571.451
6,136,contract,526.493
6,137,contract,552.021
6,138,contract,570.78
6,139,contract,3219.672
6,140,contract,850.511
6,141,contract,557.27
6,142,contract,536.258
6,143,contract,533.824
6,144,contract,620.916
6,145,contract,590.65
6,146,contract,540.164
6,147,contract,572.172
6,148,contract,527.454
6,149,contract,572.543
6,150,contract,553.143
6,151,contract,563.519
6,152,contract,3229.226
6,153,contract,727.766
6,154,contract,634.345
6,155,contract,546.333
6,156,contract,547.244
6,157,contract,552.853
6,158,contract,579.423
6,159,contract,534.335
6,160,contract,563.73
6,161,contract,587.616
6,162,contract,549.007
6,163,contract,536.538
6,164,contract,3407.754
6,165,contract,913.426
6,166,contract,540.244
6,167,contract,603.76
6,168,contract,564.751
6,169,contract,558.642
6,170,contract,530.83
6,171,contract,570.86
6,172,contract,571.171
6,173,contract,603.98
6,174,contract,540.023
6,175,contract,576.188
6,176,contract,3356.728
6,177,contract,637.57
6,178,contract,573.244
6,179,contract,580.284
6,180,contract,581.496
6,181,contract,582.829
6,182,contract,601.146
6,183,contract,605.262
6,184,contract,576.909
6,185,contract,608.687
6,186,contract,585.442
6,187,contract,592.593
6,188,contract,582.177
6,189,contract,3101.162
6,190,contract,623.529
6,191,contract,544.841
6,192,contract,586.975
6,193,contract,561.817
6,194,contract,1110.569
6,195,contract,553.625
6,196,contract,608.737
6,197,contract,561.817
6,198,contract,577.841
6,199,contract,571.581
6,200,contract,3350.488
6,201,contract,764.592
6,202,contract,596.219
6,203,contract,555.697
6,204,contract,561.977
6,205,contract,597.511
6,206,contract,558.702
6,207,contract,538.171
6,208,contract,552.542
6,209,contract,581.266
6,210,contract,591.091
6,211,contract,533.113
6,212,contract,3349.657
6,213,contract,905.895
6,214,contract,570.95
6,215,contract,542.116
6,216,contract,536.208
6,217,contract,582.768
6,218,contract,545.812
6,219,contract,533.423
6,220,contract,531.42
6,221,contract,529.217
6,222,contract,528.746
6,223,contract,541.075
6,224,contract,574.525
6,225,contract,3303.998
6,226,contract,757.461
6,227,contract,586.454
6,228,contract,579.604
6,229,contract,539.463
6,230,contract,628.867
6,231,contract,571.761
6,232,contract,571.401
6,233,contract,577.591
6,234,contract,562.968
6,235,contract,546.593
6,236,contract,555.196
6,237,contract,3477.91
6,238,contract,595.567
6,239,contract,515.227
6,240,contract,556.208
6,241,contract,614.717
6,242,contract,1084.438
6,243,contract,665.853
6,244,contract,533.934
6,245,contract,581.246
6,246,contract,545.573
6,247,contract,541.646
6,248,contract,3539.302
6,249,contract,750.11
6,250,contract,557.66
6,251,contract,548.446
6,252,contract,577.881
6,253,contract,577.049
6,254,contract,549.417
6,255,contract,572.913
7,0,contract,1600.722
7,1,contract,1301.01
7,2,contract,1247.895
7,3,contract,1204.125
7,4,contract,1221.701
7,5,contract,1224.13
7,6,contract,1271.375
7,7,contract,1308.492
7,8,contract,1219.778
7,9,contract,2890.476
7,10,contract,1173.718
7,11,contract,1195.271
7,12,contract,1178.836
7,13,contract,1193.549
7,14,contract,1152.216
7,15,contract,1143.533
7,16,contract,3164.208
7,17,contract,1318.466
7,18,contract,1265.787
7,19,contract,1246.949
7,20,contract,1352.743
7,21,contract,1296.223
7,22,contract,1298.056
7,23,contract,2663.764
7,24,contract,1264.846
7,25,contract,1278.456
7,26,contract,1250.274
7,27,contract,1270.915
7,28,contract,1329.834
7,29,contract,2574.535
7,30,contract,1542.935
7,31,contract,1213.783
7,32,contract,1194.88
7,33,contract,1249.052
7,34,contract,1278.657
7,35,contract,1156.913
7,36,contract,2866.078
7,37,contract,1546.73
7,38,contract,1205.015
7,39,contract,1307.219
7,40,contract,1313.92
7,41,contract,1271.556
7,42,contract,2573.157
7,43,contract,1569.565
7,44,contract,1240.84
7,45,contract,1223.133
7,46,contract,1231.446
7,47,contract,1206.207
7,48,contract,1176.272
7,49,contract,2605.927
7,50,contract,1325.958
7,51,contract,1224.605
7,52,contract,1249.202
7,53,contract,1216.032
7,54,contract,1235.011
7,55,contract,1254.841
7,56,contract,2960.07
7,57,contract,1477.987
7,58,contract,1190.203
7,59,contract,1362.393
7,60,contract,1254.71
7,61,contract,1237.655
7,62,contract,2552.586
7,63,contract,2117.917
7,64,contract,740.796
7,65,contract,779.926
7,66,contract,755.157
7,67,contract,748.848
7,68,contract,766.425
7,69,contract,758.543
7,70,contract,725.473
7,71,contract,2712.878
7,72,contract,1147.604
7,73,contract,836.891
7,74,contract,816.38
7,75,contract,759.073
7,76,contract,780.927
7,77,contract,774.447
7,78,contract,714.507
7,79,contract,771.142
7,80,contract,751.252
7,81,contract,2379.124
7,82,contract,1608.654
7,83,contract,821.778
7,84,contract,758.292
7,85,contract,765.794
7,86,contract,740.746
7,87,contract,737.371
7,88,contract,795.509
7,89,contract,797.862
7,90,contract,729.88
7,91,contract,2189.649
7,92,contract,896.44
7,93,contract,1026.226
7,94,contract,788.288
7,95,contract,763.15
7,96,contract,765.534
7,97,contract,755.799
7,98,contract,751.231
7,99,contract,732.664
7,100,contract,832.364
7,101,contract,740.976
7,102,contract,3284.519
7,103,contract,785.394
7,104,contract,799.685
7,105,contract,777.021
7,106,contract,777.862
7,107,contract,742.689
7,108,contract,777.312
7,109,contract,779.073
7,110,contract,736.881
7,111,contract,718.943
7,112,contract,2140.395
7,113,contract,1724.989
7,114,contract,778.623
7,115,contract,749.239
7,116,contract,744.371
7,117,contract,754.678
7,118,contract,723.35
7,119,contract,703.951
7,120,contract,768.919
7,121,contract,2748.207
7,122,contract,1033.768
7,123,contract,608.788
7,124,contract,569.498
7,125,contract,581.676
7,126,contract,563.198
7,127,contract,593.294
7,128,contract,920.667
7,129,contract,730.18
7,130,contract,588.527
7,131,contract,580.284
7,132,contract,564.1
7,133,contract,2779.528
7,134,contract,1337.456
7,135,contract,547.745
7,136,contract,531.04
7,137,contract,628.867
7,138,contract,638.562
7,139,contract,570.179
7,140,contract,601.266
7,141,contract,566.273
7,142,contract,549.949
7,143,contract,595.968
7,144,contract,587.294
7,145,contract,2466.597
7,146,contract,1246.859
7,147,contract,623.219
7,148,contract,583.339
7,149,contract,584.631
7,150,contract,582.248
7,151,contract,560.995
7,152,contract,597.72
7,153,contract,576.729
7,154,contract,634.026
7,155,contract,593.925
7,156,contract,538.882
7,157,contract,2837.285
7,158,contract,1135.921
7,159,contract,666.334
7,160,contract,571.411
7,161,contract,610.519
7,162,contract,618.422
7,163,contract,628.648
7,164,contract,585.592
7,165,contract,591.671
7,166,contract,585.102
7,167,contract,584.28
7,168,contract,547.665
7,169,contract,2622.491
7,170,contract,629.208
7,171,contract,779.274
7,172,contract,634.276
7,173,contract,572.713
7,174,contract,541.215
7,175,contract,572.242
7,176,contract,552.092
7,177,contract,625.953
7,178,contract,575.527
7,179,contract,599.914
7,180,contract,599.253
7,181,contract,596.949
7,182,contract,2955.693
7,183,contract,827.527
7,184,contract,608.857
7,185,contract,569.258
7,186,contract,638.192
7,187,contract,617.59
7,188,contract,601.075
7,189,contract,593.865
7,190,contract,596.819
7,191,contract,576.008
7,192,contract,571.582
7,193,contract,600.996
7,194,contract,3723.24
7,195,contract,791.172
7,196,contract,601.556
7,197,contract,784.081
7,198,contract,594.075
7,199,contract,568.056
7,200,contract,565.402
7,201,contract,564.22
7,202,contract,637.731
7,203,contract,568.417
7,204,contract,554.005
7,205,contract,571.892
7,206,contract,2662.541
7,207,contract,1359.588
7,208,contract,558.021
7,209,contract,586.785
7,210,contract,574.015
7,211,contract,580.735
7,212,contract,558.241
7,213,contract,599.854
7,214,contract,551.361
7,215,contract,557.911
7,216,contract,596.759
7,217,contract,532.533
7,218,contract,2582.311
7,219,contract,760.876
7,220,contract,940.667
7,221,contract,601.276
7,222,contract,558.111
7,223,contract,593.094
7,224,contract,589.869
7,225,contract,553.734
7,226,contract,576.178
7,227,contract,647.736
7,228,contract,582.037
7,229,contract,617.43
7,230,contract,2785.036
7,231,contract,1044.994
7,232,contract,548.326
7,233,contract,523.739
7,234,contract,628.256
7,235,contract,633.785
7,236,contract,608.346
7,237,contract,584.39
7,238,contract,615.196
7,239,contract,615.688
7,240,contract,601.516
7,241,contract,592.423
7,242,contract,3833.606
7,243,contract,770.31
7,244,contract,568.306
7,245,contract,592.853
7,246,contract,574.395
7,247,contract,575.157
7,248,contract,578.191
7,249,contract,573.985
7,250,contract,582.037
7,251,contract,546.223
7,252,contract,532.552
7,253,contract,551.511
7,254,contract,3060.061
7,255,contract,924.042
7,0,direct,403.248
7,1,direct,696.74
7,2,direct,336.977
7,3,direct,292.541
7,4,direct,289.897
7,5,direct,306.272
7,6,direct,277.539
7,7,direct,282.125
7,8,direct,288.024
7,9,direct,299.582
7,10,direct,281.113
7,11,direct,279.741
7,12,direct,318.49
7,13,direct,388.566
7,14,direct,299.211
7,15,direct,321.415
7,16,direct,303.372
7,17,direct,327.524
7,18,direct,302.426
7,19,direct,284.709
7,20,direct,278.26
7,21,direct,263.948
7,22,direct,2536.562
7,23,direct,349.877
7,24,direct,566.213
7,25,direct,522.087
7,26,direct,311.9
7,27,direct,315.475
7,28,direct,300.202
7,29,direct,338.751
7,30,direct,325.471
7,31,direct,329.697
7,32,direct,344.089
7,33,direct,328.415
7,34,direct,340.573
7,35,direct,302.976
7,36,direct,329.446
7,37,direct,328.725
7,38,direct,316.517
7,39,direct,356.837
7,40,direct,339.061
7,41,direct,305.61
7,42,direct,300.843
7,43,direct,364.129
7,44,direct,329.356
7,45,direct,2409.39
7,46,direct,324.108
7,47,direct,808.257
7,48,direct,335.866
7,49,direct,301.774
7,50,direct,293.963
7,51,direct,326.783
7,52,direct,292.761
7,53,direct,289.205
7,54,direct,305.59
7,55,direct,357.308
7,56,direct,327.995
7,57,direct,326.572
7,58,direct,307.914
7,59,direct,322.466
7,60,direct,297.909
7,61,direct,309.912
7,62,direct,319.822
7,63,direct,301.465
7,64,direct,303.447
7,65,direct,318.64
7,66,direct,325.25
7,67,direct,2707.099
7,68,direct,321.835
7,69,direct,589.147
7,70,direct,552.202
7,71,direct,285.951
7,72,direct,326.061
7,73,direct,328.285
7,74,direct,318.89
7,75,direct,324.128
7,76,direct,317.428
7,77,direct,316.506
7,78,direct,322.416
7,79,direct,296.727
7,80,direct,285.18
7,81,direct,304.429
7,82,direct,300.392
7,83,direct,312.33
7,84,direct,312.2
7,85,direct,321.754
7,86,direct,314.223
7,87,direct,305.27
7,88,direct,295.906
7,89,direct,335.075
7,90,direct,2550.062
7,91,direct,302.656
7,92,direct,1170.243
7,93,direct,322.205
7,94,direct,294.153
7,95,direct,320.022
7,96,direct,289.597
7,97,direct,300.763
7,98,direct,305.43
7,99,direct,305.04
7,100,direct,301.284
7,101,direct,323.958
7,102,direct,354.154
7,103,direct,331.971
7,104,direct,302.406
7,105,direct,304.849
7,106,direct,301.684
7,107,direct,283.547
7,108,direct,331.41
7,109,direct,300.593
7,110,direct,323.727
7,111,direct,308.725
7,112,direct,286.682
7,113,direct,2372.835
7,114,direct,331.069
7,115,direct,748.137
7,116,direct,373.052
7,117,direct,356.397
7,118,direct,338.971
7,119,direct,312.721
7,120,direct,307.193
7,121,direct,702.979
7,122,direct,256.847
7,123,direct,152.91
7,124,direct,151.048
7,125,direct,136.806
7,126,direct,135.254
7,127,direct,131.127
7,128,direct,150.236
7,129,direct,164.028
7,130,direct,133.0
7,131,direct,135.955
7,132,direct,143.556
7,133,direct,146.541
7,134,direct,145.83
7,135,direct,140.161
7,136,direct,136.475
7,137,direct,149.706
7,138,direct,160.822
7,139,direct,136.686
7,140,direct,132.199
7,141,direct,3489.167
7,142,direct,161.263
7,143,direct,148.384
7,144,direct,152.7
7,145,direct,444.45
7,146,direct,458.491
7,147,direct,146.02
7,148,direct,136.425
7,149,direct,135.084
7,150,direct,135.204
7,151,direct,139.49
7,152,direct,167.622
7,153,direct,135.875
7,154,direct,148.134
7,155,direct,145.559
7,156,direct,138.538
7,157,direct,159.68
7,158,direct,167.763
7,159,direct,185.61
7,160,direct,136.486
7,161,direct,129.876
7,162,direct,155.475
7,163,direct,136.686
7,164,direct,143.727
7,165,direct,139.871
7,166,direct,145.579
7,167,direct,141.293
7,168,direct,165.689
7,169,direct,151.148
7,170,direct,135.303
7,171,direct,144.988
7,172,direct,168.014
7,173,direct,133.421
7,174,direct,142.244
7,175,direct,165.789
7,176,direct,130.707
7,177,direct,131.258
7,178,direct,132.79
7,179,direct,3889.391
7,180,direct,152.38
7,181,direct,152.99
7,182,direct,136.726
7,183,direct,464.029
7,184,direct,135.404
7,185,direct,139.79
7,186,direct,143.035
7,187,direct,139.611
7,188,direct,152.69
7,189,direct,142.525
7,190,direct,150.387
7,191,direct,129.265
7,192,direct,139.15
7,193,direct,125.519
7,194,direct,132.23
7,195,direct,137.026
7,196,direct,154.096
7,197,direct,177.467
7,198,direct,150.346
7,199,direct,145.99
7,200,direct,141.623
7,201,direct,157.498
7,202,direct,145.81
7,203,direct,158.629
7,204,direct,145.229
7,205,direct,145.349
7,206,direct,129.625
7,207,direct,136.636
7,208,direct,129.015
7,209,direct,150.737
7,210,direct,151.619
7,211,direct,138.559
7,212,direct,139.911
7,213,direct,134.242
7,214,direct,128.093
7,215,direct,141.934
7,216,direct,4465.839
7,217,direct,168.264
7,218,direct,140.051
7,219,direct,579.763
7,220,direct,141.494
7,221,direct,143.466
7,222,direct,139.911
7,223,direct,144.328
7,224,direct,136.165
7,225,direct,139.981
7,226,direct,154.272
7,227,direct,135.674
7,228,direct,135.444
7,229,direct,130.416
7,230,direct,143.086
7,231,direct,156.256
7,232,direct,143.176
7,233,direct,149.766
7,234,direct,151.118
7,235,direct,176.476
7,236,direct,127.572
7,237,direct,144.227
7,238,direct,133.902
7,239,direct,132.18
7,240,direct,148.994
7,241,direct,136.706
7,242,direct,151.218
7,243,direct,135.254
7,244,direct,135.564
7,245,direct,692.744
7,246,direct,243.758
7,247,direct,139.801
7,248,direct,138.539
7,249,direct,139.3
7,250,direct,4117.104
7,251,direct,140.522
7,252,direct,145.589
7,253,direct,607.776
7,254,direct,448.496
7,255,direct,141.363
