method,source,drift,crashes,budget,feasible_windows,windows
adaptive,code,0,0,tight,13,16
adaptive,code,0,0,roomy,16,16
adaptive,code,0,1,tight,10,16
adaptive,code,0,1,roomy,16,16
adaptive,code,0,2,tight,1,16
adaptive,code,0,2,roomy,16,16
adaptive,code,1,0,tight,10,16
adaptive,code,1,0,roomy,16,16
adaptive,code,1,1,tight,5,16
adaptive,code,1,1,roomy,16,16
adaptive,code,1,2,tight,1,16
adaptive,code,1,2,roomy,13,16
adaptive,code,2,0,tight,5,16
adaptive,code,2,0,roomy,15,16
adaptive,code,2,1,tight,0,16
adaptive,code,2,1,roomy,11,16
adaptive,code,2,2,tight,0,16
adaptive,code,2,2,roomy,8,16
adaptive,conversation,0,0,tight,13,16
adaptive,conversation,0,0,roomy,16,16
adaptive,conversation,0,1,tight,13,16
adaptive,conversation,0,1,roomy,16,16
adaptive,conversation,0,2,tight,0,16
adaptive,conversation,0,2,roomy,16,16
adaptive,conversation,1,0,tight,13,16
adaptive,conversation,1,0,roomy,16,16
adaptive,conversation,1,1,tight,8,16
adaptive,conversation,1,1,roomy,16,16
adaptive,conversation,1,2,tight,0,16
adaptive,conversation,1,2,roomy,13,16
adaptive,conversation,2,0,tight,0,16
adaptive,conversation,2,0,roomy,15,16
adaptive,conversation,2,1,tight,0,16
adaptive,conversation,2,1,roomy,12,16
adaptive,conversation,2,2,tight,0,16
adaptive,conversation,2,2,roomy,6,16
always_accept,code,0,0,tight,13,16
always_accept,code,0,0,roomy,16,16
always_accept,code,0,1,tight,10,16
always_accept,code,0,1,roomy,16,16
always_accept,code,0,2,tight,1,16
always_accept,code,0,2,roomy,16,16
always_accept,code,1,0,tight,10,16
always_accept,code,1,0,roomy,16,16
always_accept,code,1,1,tight,5,16
always_accept,code,1,1,roomy,16,16
always_accept,code,1,2,tight,1,16
always_accept,code,1,2,roomy,13,16
always_accept,code,2,0,tight,0,16
always_accept,code,2,0,roomy,6,16
always_accept,code,2,1,tight,0,16
always_accept,code,2,1,roomy,3,16
always_accept,code,2,2,tight,0,16
always_accept,code,2,2,roomy,2,16
always_accept,conversation,0,0,tight,13,16
always_accept,conversation,0,0,roomy,16,16
always_accept,conversation,0,1,tight,13,16
always_accept,conversation,0,1,roomy,16,16
always_accept,conversation,0,2,tight,0,16
always_accept,conversation,0,2,roomy,16,16
always_accept,conversation,1,0,tight,13,16
always_accept,conversation,1,0,roomy,16,16
always_accept,conversation,1,1,tight,8,16
always_accept,conversation,1,1,roomy,16,16
always_accept,conversation,1,2,tight,0,16
always_accept,conversation,1,2,roomy,13,16
always_accept,conversation,2,0,tight,0,16
always_accept,conversation,2,0,roomy,3,16
always_accept,conversation,2,1,tight,0,16
always_accept,conversation,2,1,roomy,0,16
always_accept,conversation,2,2,tight,0,16
always_accept,conversation,2,2,roomy,0,16
threshold_1,code,0,0,tight,10,16
threshold_1,code,0,0,roomy,16,16
threshold_1,code,0,1,tight,5,16
threshold_1,code,0,1,roomy,13,16
threshold_1,code,0,2,tight,1,16
threshold_1,code,0,2,roomy,12,16
threshold_1,code,1,0,tight,10,16
threshold_1,code,1,0,roomy,16,16
threshold_1,code,1,1,tight,5,16
threshold_1,code,1,1,roomy,13,16
threshold_1,code,1,2,tight,1,16
threshold_1,code,1,2,roomy,12,16
threshold_1,code,2,0,tight,0,16
threshold_1,code,2,0,roomy,6,16
threshold_1,code,2,1,tight,0,16
threshold_1,code,2,1,roomy,3,16
threshold_1,code,2,2,tight,0,16
threshold_1,code,2,2,roomy,2,16
threshold_1,conversation,0,0,tight,13,16
threshold_1,conversation,0,0,roomy,14,16
threshold_1,conversation,0,1,tight,8,16
threshold_1,conversation,0,1,roomy,13,16
threshold_1,conversation,0,2,tight,0,16
threshold_1,conversation,0,2,roomy,13,16
threshold_1,conversation,1,0,tight,13,16
threshold_1,conversation,1,0,roomy,14,16
threshold_1,conversation,1,1,tight,8,16
threshold_1,conversation,1,1,roomy,13,16
threshold_1,conversation,1,2,tight,0,16
threshold_1,conversation,1,2,roomy,13,16
threshold_1,conversation,2,0,tight,0,16
threshold_1,conversation,2,0,roomy,1,16
threshold_1,conversation,2,1,tight,0,16
threshold_1,conversation,2,1,roomy,0,16
threshold_1,conversation,2,2,tight,0,16
threshold_1,conversation,2,2,roomy,0,16
threshold_2,code,0,0,tight,3,16
threshold_2,code,0,0,roomy,11,16
threshold_2,code,0,1,tight,0,16
threshold_2,code,0,1,roomy,6,16
threshold_2,code,0,2,tight,0,16
threshold_2,code,0,2,roomy,3,16
threshold_2,code,1,0,tight,3,16
threshold_2,code,1,0,roomy,11,16
threshold_2,code,1,1,tight,0,16
threshold_2,code,1,1,roomy,6,16
threshold_2,code,1,2,tight,0,16
threshold_2,code,1,2,roomy,3,16
threshold_2,code,2,0,tight,0,16
threshold_2,code,2,0,roomy,6,16
threshold_2,code,2,1,tight,0,16
threshold_2,code,2,1,roomy,2,16
threshold_2,code,2,2,tight,0,16
threshold_2,code,2,2,roomy,0,16
threshold_2,conversation,0,0,tight,4,16
threshold_2,conversation,0,0,roomy,11,16
threshold_2,conversation,0,1,tight,0,16
threshold_2,conversation,0,1,roomy,6,16
threshold_2,conversation,0,2,tight,0,16
threshold_2,conversation,0,2,roomy,4,16
threshold_2,conversation,1,0,tight,4,16
threshold_2,conversation,1,0,roomy,11,16
threshold_2,conversation,1,1,tight,0,16
threshold_2,conversation,1,1,roomy,6,16
threshold_2,conversation,1,2,tight,0,16
threshold_2,conversation,1,2,roomy,4,16
threshold_2,conversation,2,0,tight,0,16
threshold_2,conversation,2,0,roomy,1,16
threshold_2,conversation,2,1,tight,0,16
threshold_2,conversation,2,1,roomy,0,16
threshold_2,conversation,2,2,tight,0,16
threshold_2,conversation,2,2,roomy,0,16
always_fallback,code,0,0,tight,0,16
always_fallback,code,0,0,roomy,11,16
always_fallback,code,0,1,tight,0,16
always_fallback,code,0,1,roomy,5,16
always_fallback,code,0,2,tight,0,16
always_fallback,code,0,2,roomy,3,16
always_fallback,code,1,0,tight,0,16
always_fallback,code,1,0,roomy,11,16
always_fallback,code,1,1,tight,0,16
always_fallback,code,1,1,roomy,5,16
always_fallback,code,1,2,tight,0,16
always_fallback,code,1,2,roomy,3,16
always_fallback,code,2,0,tight,0,16
always_fallback,code,2,0,roomy,11,16
always_fallback,code,2,1,tight,0,16
always_fallback,code,2,1,roomy,5,16
always_fallback,code,2,2,tight,0,16
always_fallback,code,2,2,roomy,3,16
always_fallback,conversation,0,0,tight,0,16
always_fallback,conversation,0,0,roomy,11,16
always_fallback,conversation,0,1,tight,0,16
always_fallback,conversation,0,1,roomy,6,16
always_fallback,conversation,0,2,tight,0,16
always_fallback,conversation,0,2,roomy,3,16
always_fallback,conversation,1,0,tight,0,16
always_fallback,conversation,1,0,roomy,11,16
always_fallback,conversation,1,1,tight,0,16
always_fallback,conversation,1,1,roomy,6,16
always_fallback,conversation,1,2,tight,0,16
always_fallback,conversation,1,2,roomy,3,16
always_fallback,conversation,2,0,tight,0,16
always_fallback,conversation,2,0,roomy,11,16
always_fallback,conversation,2,1,tight,0,16
always_fallback,conversation,2,1,roomy,6,16
always_fallback,conversation,2,2,tight,0,16
always_fallback,conversation,2,2,roomy,3,16
ignore_recovery,code,0,0,tight,13,16
ignore_recovery,code,0,0,roomy,16,16
ignore_recovery,code,0,1,tight,0,16
ignore_recovery,code,0,1,roomy,2,16
ignore_recovery,code,0,2,tight,0,16
ignore_recovery,code,0,2,roomy,0,16
ignore_recovery,code,1,0,tight,10,16
ignore_recovery,code,1,0,roomy,16,16
ignore_recovery,code,1,1,tight,0,16
ignore_recovery,code,1,1,roomy,2,16
ignore_recovery,code,1,2,tight,0,16
ignore_recovery,code,1,2,roomy,0,16
ignore_recovery,code,2,0,tight,5,16
ignore_recovery,code,2,0,roomy,15,16
ignore_recovery,code,2,1,tight,0,16
ignore_recovery,code,2,1,roomy,1,16
ignore_recovery,code,2,2,tight,0,16
ignore_recovery,code,2,2,roomy,0,16
ignore_recovery,conversation,0,0,tight,13,16
ignore_recovery,conversation,0,0,roomy,16,16
ignore_recovery,conversation,0,1,tight,0,16
ignore_recovery,conversation,0,1,roomy,0,16
ignore_recovery,conversation,0,2,tight,0,16
ignore_recovery,conversation,0,2,roomy,0,16
ignore_recovery,conversation,1,0,tight,13,16
ignore_recovery,conversation,1,0,roomy,16,16
ignore_recovery,conversation,1,1,tight,0,16
ignore_recovery,conversation,1,1,roomy,0,16
ignore_recovery,conversation,1,2,tight,0,16
ignore_recovery,conversation,1,2,roomy,0,16
ignore_recovery,conversation,2,0,tight,0,16
ignore_recovery,conversation,2,0,roomy,15,16
ignore_recovery,conversation,2,1,tight,0,16
ignore_recovery,conversation,2,1,roomy,0,16
ignore_recovery,conversation,2,2,tight,0,16
ignore_recovery,conversation,2,2,roomy,0,16
